0,1,2,3,4,5,6,11,12,13,14,15,16,17,18,19,20,21,22,23,24,25,26,27,28,29,Survived
3,0,7.25,2,0,3.625,22,0,1,0,0,1,0,1,0,0,0,0,0,0,0,0,0,1,0,1,0
1,0,71.2833,2,1,35.64165,38,1,0,1,0,0,0,0,0,0,1,0,0,0,0,0,0,0,1,1,1
3,0,7.925,1,0,7.925,26,1,0,0,0,1,0,1,0,0,0,0,0,0,0,0,1,0,0,0,1
1,0,53.1,2,1,26.55,35,1,0,0,0,1,0,0,0,0,1,0,0,0,0,0,0,0,1,1,1
3,0,8.05,1,0,8.05,35,0,1,0,0,1,0,1,0,0,0,0,0,0,0,0,0,1,0,0,0
3,0,8.4583,1,0,8.4583,29,0,1,0,1,0,0,1,0,0,0,0,0,0,0,0,0,1,0,0,0
1,0,51.8625,1,1,51.8625,54,0,1,0,0,1,0,0,0,0,0,0,1,0,0,0,0,1,0,0,0
3,1,21.075,5,0,4.215,2,0,1,0,0,1,0,1,0,0,0,0,0,0,0,0,0,1,0,3,0
3,2,11.1333,3,0,3.7111,27,1,0,0,0,1,0,1,0,0,0,0,0,0,0,0,0,0,1,0,1
2,0,30.0708,2,0,15.0354,14,1,0,1,0,0,0,1,0,0,0,0,0,0,0,0,0,0,1,1,1
3,1,16.7,3,1,5.56666666666667,4,1,0,0,0,1,0,0,0,0,0,0,0,0,1,0,1,0,0,1,1
1,0,26.55,1,1,26.55,58,1,0,0,0,1,0,0,0,0,1,0,0,0,0,0,1,0,0,0,1
3,0,8.05,1,0,8.05,20,0,1,0,0,1,0,1,0,0,0,0,0,0,0,0,0,1,0,0,0
3,5,31.275,7,0,4.46785714285714,39,0,1,0,0,1,0,1,0,0,0,0,0,0,0,0,0,1,0,1,0
3,0,7.8542,1,0,7.8542,14,1,0,0,0,1,0,1,0,0,0,0,0,0,0,0,1,0,0,0,0
2,0,16,1,0,16,55,1,0,0,0,1,0,1,0,0,0,0,0,0,0,0,0,0,1,0,1
3,1,29.125,6,0,4.85416666666667,2,0,1,0,1,0,0,1,0,0,0,0,0,0,0,0,0,1,0,4,0
2,0,13,1,0,13,29,0,1,0,0,1,0,1,0,0,0,0,0,0,0,0,0,1,0,0,1
3,0,18,2,0,9,31,1,0,0,0,1,0,1,0,0,0,0,0,0,0,0,0,0,1,1,0
3,0,7.225,1,0,7.225,29,1,0,1,0,0,0,1,0,0,0,0,0,0,0,0,0,0,1,0,1
2,0,26,1,0,26,35,0,1,0,0,1,0,1,0,0,0,0,0,0,0,0,0,1,0,0,0
2,0,13,1,1,13,34,0,1,0,0,1,0,0,0,0,0,1,0,0,0,0,0,1,0,0,1
3,0,8.0292,1,0,8.0292,15,1,0,0,1,0,0,1,0,0,0,0,0,0,0,0,1,0,0,0,1
1,0,35.5,1,1,35.5,28,0,1,0,0,1,0,0,1,0,0,0,0,0,0,0,0,1,0,0,1
3,1,21.075,5,0,4.215,8,1,0,0,0,1,0,1,0,0,0,0,0,0,0,0,1,0,0,3,0
3,5,31.3875,7,0,4.48392857142857,38,1,0,0,0,1,0,1,0,0,0,0,0,0,0,0,0,0,1,1,1
3,0,7.225,1,0,7.225,29,0,1,1,0,0,0,1,0,0,0,0,0,0,0,0,0,1,0,0,0
1,2,263,6,1,43.8333333333333,19,0,1,0,0,1,0,0,0,0,1,0,0,0,0,0,0,1,0,3,0
3,0,7.8792,1,0,7.8792,29,1,0,0,1,0,0,1,0,0,0,0,0,0,0,0,1,0,0,0,1
3,0,7.8958,1,0,7.8958,29,0,1,0,0,1,0,1,0,0,0,0,0,0,0,0,0,1,0,0,0
1,0,27.7208,1,0,27.7208,40,0,1,1,0,0,0,1,0,0,0,0,0,0,0,0,0,1,0,0,0
1,0,146.5208,2,1,73.2604,29,1,0,1,0,0,0,0,0,1,0,0,0,0,0,0,0,0,1,1,1
3,0,7.75,1,0,7.75,29,1,0,0,1,0,0,1,0,0,0,0,0,0,0,0,1,0,0,0,1
2,0,10.5,1,0,10.5,66,0,1,0,0,1,0,1,0,0,0,0,0,0,0,0,0,1,0,0,0
1,0,82.1708,2,0,41.0854,28,0,1,1,0,0,0,1,0,0,0,0,0,0,0,0,0,1,0,1,0
1,0,52,2,0,26,42,0,1,0,0,1,0,1,0,0,0,0,0,0,0,0,0,1,0,1,0
3,0,7.2292,1,0,7.2292,29,0,1,1,0,0,0,1,0,0,0,0,0,0,0,0,0,1,0,0,1
3,0,8.05,1,0,8.05,21,0,1,0,0,1,0,1,0,0,0,0,0,0,0,0,0,1,0,0,0
3,0,18,3,0,6,18,1,0,0,0,1,0,1,0,0,0,0,0,0,0,0,1,0,0,2,0
3,0,11.2417,2,0,5.62085,14,1,0,1,0,0,0,1,0,0,0,0,0,0,0,0,1,0,0,1,1
3,0,9.475,2,0,4.7375,40,1,0,0,0,1,0,1,0,0,0,0,0,0,0,0,0,0,1,1,0
2,0,21,2,0,10.5,27,1,0,0,0,1,0,1,0,0,0,0,0,0,0,0,0,0,1,1,0
3,0,7.8958,1,0,7.8958,29,0,1,1,0,0,0,1,0,0,0,0,0,0,0,0,0,1,0,0,0
2,2,41.5792,4,0,10.3948,3,1,0,1,0,0,0,1,0,0,0,0,0,0,0,0,1,0,0,1,1
3,0,7.8792,1,0,7.8792,19,1,0,0,1,0,0,1,0,0,0,0,0,0,0,0,1,0,0,0,1
3,0,8.05,1,0,8.05,29,0,1,0,0,1,0,1,0,0,0,0,0,0,0,0,0,1,0,0,0
3,0,15.5,2,0,7.75,29,0,1,0,1,0,0,1,0,0,0,0,0,0,0,0,0,1,0,1,0
3,0,7.75,1,0,7.75,29,1,0,0,1,0,0,1,0,0,0,0,0,0,0,0,1,0,0,0,1
3,0,21.6792,3,0,7.2264,29,0,1,1,0,0,0,1,0,0,0,0,0,0,0,0,0,1,0,2,0
3,0,17.8,2,0,8.9,18,1,0,0,0,1,0,1,0,0,0,0,0,0,0,0,0,0,1,1,0
3,1,39.6875,6,0,6.61458333333333,7,0,1,0,0,1,0,1,0,0,0,0,0,0,0,0,0,1,0,4,0
3,0,7.8,1,0,7.8,21,0,1,0,0,1,0,1,0,0,0,0,0,0,0,0,0,1,0,0,0
1,0,76.7292,2,1,38.3646,49,1,0,1,0,0,0,0,0,0,0,1,0,0,0,0,0,0,1,1,1
2,0,26,2,0,13,29,1,0,0,0,1,0,1,0,0,0,0,0,0,0,0,0,0,1,1,1
1,1,61.9792,2,1,30.9896,65,0,1,1,0,0,0,0,0,1,0,0,0,0,0,0,0,1,0,0,0
1,0,35.5,1,1,35.5,29,0,1,0,0,1,0,0,0,0,1,0,0,0,0,0,0,1,0,0,1
2,0,10.5,1,0,10.5,21,1,0,0,0,1,0,1,0,0,0,0,0,0,0,0,1,0,0,0,1
3,0,7.2292,1,0,7.2292,28.5,0,1,1,0,0,0,1,0,0,0,0,0,0,0,0,0,1,0,0,0
2,2,27.75,4,0,6.9375,5,1,0,0,0,1,0,1,0,0,0,0,0,0,0,0,1,0,0,1,1
3,2,46.9,8,0,5.8625,11,0,1,0,0,1,0,1,0,0,0,0,0,0,0,0,0,1,0,5,0
3,0,7.2292,1,0,7.2292,22,0,1,1,0,0,0,1,0,0,0,0,0,0,0,0,0,1,0,0,0
1,0,80,1,1,80,38,1,0,0,0,0,1,0,0,1,0,0,0,0,0,0,1,0,0,0,1
1,0,83.475,2,1,41.7375,45,0,1,0,0,1,0,0,0,0,1,0,0,0,0,0,0,1,0,1,0
3,2,27.9,6,0,4.65,4,0,1,0,0,1,0,1,0,0,0,0,0,0,0,0,0,1,0,3,0
1,0,27.7208,1,0,27.7208,29,0,1,1,0,0,0,1,0,0,0,0,0,0,0,0,0,1,0,0,0
3,1,15.2458,3,0,5.08193333333333,29,0,1,1,0,0,0,1,0,0,0,0,0,0,0,0,0,1,0,1,1
2,0,10.5,1,1,10.5,29,1,0,0,0,1,0,0,0,0,0,0,0,1,0,0,0,0,1,0,1
3,0,8.1583,1,0,8.1583,19,0,1,0,0,1,0,1,0,0,0,0,0,0,0,0,0,1,0,0,0
3,2,7.925,7,0,1.13214285714286,17,1,0,0,0,1,0,1,0,0,0,0,0,0,0,0,1,0,0,4,1
3,0,8.6625,3,0,2.8875,26,0,1,0,0,1,0,1,0,0,0,0,0,0,0,0,0,1,0,2,0
2,0,10.5,1,0,10.5,32,0,1,0,0,1,0,1,0,0,0,0,0,0,0,0,0,1,0,0,0
3,2,46.9,8,0,5.8625,16,1,0,0,0,1,0,1,0,0,0,0,0,0,0,0,1,0,0,5,0
2,0,73.5,1,0,73.5,21,0,1,0,0,1,0,1,0,0,0,0,0,0,0,0,0,1,0,0,0
3,0,14.4542,2,0,7.2271,26,0,1,1,0,0,0,1,0,0,0,0,0,0,0,0,0,1,0,1,0
3,0,56.4958,1,0,56.4958,32,0,1,0,0,1,0,1,0,0,0,0,0,0,0,0,0,1,0,0,1
3,0,7.65,1,1,7.65,25,0,1,0,0,1,0,0,0,0,0,0,0,1,0,0,0,1,0,0,0
3,0,7.8958,1,0,7.8958,29,0,1,0,0,1,0,1,0,0,0,0,0,0,0,0,0,1,0,0,0
3,0,8.05,1,0,8.05,29,0,1,0,0,1,0,1,0,0,0,0,0,0,0,0,0,1,0,0,0
2,2,29,3,0,9.66666666666667,0.83,0,1,0,0,1,0,1,0,0,0,0,0,0,0,0,0,1,0,0,1
3,0,12.475,1,0,12.475,30,1,0,0,0,1,0,1,0,0,0,0,0,0,0,0,1,0,0,0,1
3,0,9,1,0,9,22,0,1,0,0,1,0,1,0,0,0,0,0,0,0,0,0,1,0,0,0
3,0,9.5,1,0,9.5,29,0,1,0,0,1,0,1,0,0,0,0,0,0,0,0,0,1,0,0,1
3,0,7.7875,1,0,7.7875,29,1,0,0,1,0,0,1,0,0,0,0,0,0,0,0,1,0,0,0,1
1,0,47.1,1,0,47.1,28,0,1,0,0,1,0,1,0,0,0,0,0,0,0,0,0,1,0,0,0
2,0,10.5,1,0,10.5,17,1,0,0,0,1,0,1,0,0,0,0,0,0,0,0,1,0,0,0,1
3,0,15.85,4,0,3.9625,33,1,0,0,0,1,0,1,0,0,0,0,0,0,0,0,0,0,1,3,1
3,3,34.375,5,0,6.875,16,0,1,0,0,1,0,1,0,0,0,0,0,0,0,0,0,1,0,1,0
3,0,8.05,1,0,8.05,29,0,1,0,0,1,0,1,0,0,0,0,0,0,0,0,0,1,0,0,0
1,2,263,6,1,43.8333333333333,23,1,0,0,0,1,0,0,0,0,1,0,0,0,0,0,1,0,0,3,1
3,0,8.05,1,0,8.05,24,0,1,0,0,1,0,1,0,0,0,0,0,0,0,0,0,1,0,0,0
3,0,8.05,1,0,8.05,29,0,1,0,0,1,0,1,0,0,0,0,0,0,0,0,0,1,0,0,0
3,0,7.8542,1,0,7.8542,20,0,1,0,0,1,0,1,0,0,0,0,0,0,0,0,0,1,0,0,0
1,0,61.175,2,1,30.5875,46,0,1,0,0,1,0,0,0,0,0,0,1,0,0,0,0,1,0,1,0
3,2,20.575,4,0,5.14375,26,0,1,0,0,1,0,1,0,0,0,0,0,0,0,0,0,1,0,1,0
3,0,7.25,1,0,7.25,59,0,1,0,0,1,0,1,0,0,0,0,0,0,0,0,0,1,0,0,0
3,0,8.05,1,0,8.05,29,0,1,0,0,1,0,1,0,0,0,0,0,0,0,0,0,1,0,0,0
1,0,34.6542,1,1,34.6542,71,0,1,1,0,0,0,0,1,0,0,0,0,0,0,0,0,1,0,0,0
1,1,63.3583,2,1,31.67915,23,0,1,1,0,0,0,0,0,0,0,1,0,0,0,0,0,1,0,0,1
2,1,23,2,0,11.5,34,1,0,0,0,1,0,1,0,0,0,0,0,0,0,0,0,0,1,0,1
2,0,26,2,0,13,34,0,1,0,0,1,0,1,0,0,0,0,0,0,0,0,0,1,0,1,0
3,0,7.8958,1,0,7.8958,28,1,0,0,0,1,0,1,0,0,0,0,0,0,0,0,1,0,0,0,0
3,0,7.8958,1,0,7.8958,29,0,1,0,0,1,0,1,0,0,0,0,0,0,0,0,0,1,0,0,0
1,1,77.2875,2,1,38.64375,21,0,1,0,0,1,0,0,0,0,0,1,0,0,0,0,0,1,0,0,0
3,0,8.6542,1,0,8.6542,33,0,1,0,0,1,0,1,0,0,0,0,0,0,0,0,0,1,0,0,0
3,0,7.925,3,0,2.64166666666667,37,0,1,0,0,1,0,1,0,0,0,0,0,0,0,0,0,1,0,2,0
3,0,7.8958,1,0,7.8958,28,0,1,0,0,1,0,1,0,0,0,0,0,0,0,0,0,1,0,0,0
3,0,7.65,1,0,7.65,21,1,0,0,0,1,0,1,0,0,0,0,0,0,0,0,1,0,0,0,1
3,0,7.775,1,0,7.775,29,0,1,0,0,1,0,1,0,0,0,0,0,0,0,0,0,1,0,0,1
3,0,7.8958,1,0,7.8958,38,0,1,0,0,1,0,1,0,0,0,0,0,0,0,0,0,1,0,0,0
3,0,24.15,2,0,12.075,29,1,0,0,1,0,0,1,0,0,0,0,0,0,0,0,1,0,0,1,1
1,0,52,1,1,52,47,0,1,0,0,1,0,0,0,0,1,0,0,0,0,0,0,1,0,0,0
3,0,14.4542,2,0,7.2271,14.5,1,0,1,0,0,0,1,0,0,0,0,0,0,0,0,1,0,0,1,0
3,0,8.05,1,0,8.05,22,0,1,0,0,1,0,1,0,0,0,0,0,0,0,0,0,1,0,0,0
3,0,9.825,2,0,4.9125,20,1,0,0,0,1,0,1,0,0,0,0,0,0,0,0,1,0,0,1,0
3,0,14.4583,1,0,14.4583,17,1,0,1,0,0,0,1,0,0,0,0,0,0,0,0,1,0,0,0,0
3,0,7.925,1,0,7.925,21,0,1,0,0,1,0,1,0,0,0,0,0,0,0,0,0,1,0,0,0
3,0,7.75,1,0,7.75,70.5,0,1,0,1,0,0,1,0,0,0,0,0,0,0,0,0,1,0,0,0
2,0,21,2,0,10.5,29,0,1,0,0,1,0,1,0,0,0,0,0,0,0,0,0,1,0,1,0
1,1,247.5208,2,1,123.7604,24,0,1,1,0,0,0,0,0,1,0,0,0,0,0,0,0,1,0,0,0
3,2,31.275,7,0,4.46785714285714,2,1,0,0,0,1,0,1,0,0,0,0,0,0,0,0,1,0,0,4,0
2,0,73.5,3,0,24.5,21,0,1,0,0,1,0,1,0,0,0,0,0,0,0,0,0,1,0,2,0
3,0,8.05,1,0,8.05,29,0,1,0,0,1,0,1,0,0,0,0,0,0,0,0,0,1,0,0,0
2,0,30.0708,2,0,15.0354,32.5,0,1,1,0,0,0,1,0,0,0,0,0,0,0,0,0,1,0,1,0
2,0,13,1,1,13,32.5,1,0,0,0,1,0,0,0,0,0,0,1,0,0,0,1,0,0,0,1
1,1,77.2875,2,1,38.64375,54,0,1,0,0,1,0,0,0,0,0,1,0,0,0,0,0,1,0,0,0
3,0,11.2417,2,0,5.62085,12,0,1,1,0,0,0,1,0,0,0,0,0,0,0,0,0,1,0,1,1
3,0,7.75,1,0,7.75,29,0,1,0,1,0,0,1,0,0,0,0,0,0,0,0,0,1,0,0,0
3,0,7.1417,1,0,7.1417,24,0,1,0,0,1,0,1,0,0,0,0,0,0,0,0,0,1,0,0,1
3,1,22.3583,3,1,7.45276666666667,29,1,0,1,0,0,0,0,0,0,0,0,0,1,0,0,1,0,0,1,1
3,0,6.975,1,0,6.975,45,0,1,0,0,1,0,1,0,0,0,0,0,0,0,0,0,1,0,0,0
3,0,7.8958,1,0,7.8958,33,0,1,1,0,0,0,1,0,0,0,0,0,0,0,0,0,1,0,0,0
3,0,7.05,1,0,7.05,20,0,1,0,0,1,0,1,0,0,0,0,0,0,0,0,0,1,0,0,0
3,0,14.5,2,0,7.25,47,1,0,0,0,1,0,1,0,0,0,0,0,0,0,0,0,0,1,1,0
2,0,26,2,0,13,29,1,0,0,0,1,0,1,0,0,0,0,0,0,0,0,0,0,1,1,1
2,0,13,1,0,13,25,0,1,0,0,1,0,1,0,0,0,0,0,0,0,0,0,1,0,0,0
2,0,15.0458,1,0,15.0458,23,0,1,1,0,0,0,1,0,0,0,0,0,0,0,0,0,1,0,0,0
1,2,26.2833,3,1,8.7611,19,1,0,0,0,1,0,0,0,0,0,1,0,0,0,0,1,0,0,0,1
1,0,53.1,2,1,26.55,37,0,1,0,0,1,0,0,0,0,1,0,0,0,0,0,0,1,0,1,0
3,0,9.2167,1,0,9.2167,16,0,1,0,0,1,0,1,0,0,0,0,0,0,0,0,0,1,0,0,0
1,0,79.2,1,1,79.2,24,0,1,1,0,0,0,0,0,1,0,0,0,0,0,0,0,1,0,0,0
3,2,15.2458,3,0,5.08193333333333,29,1,0,1,0,0,0,1,0,0,0,0,0,0,0,0,0,0,1,0,0
3,0,7.75,1,0,7.75,22,1,0,0,0,1,0,1,0,0,0,0,0,0,0,0,1,0,0,0,1
3,0,15.85,2,0,7.925,24,1,0,0,0,1,0,1,0,0,0,0,0,0,0,0,0,0,1,1,1
3,0,6.75,1,0,6.75,19,0,1,0,1,0,0,1,0,0,0,0,0,0,0,0,0,1,0,0,0
2,0,11.5,1,0,11.5,18,0,1,0,0,1,0,1,0,0,0,0,0,0,0,0,0,1,0,0,0
2,1,36.75,3,0,12.25,19,0,1,0,0,1,0,1,0,0,0,0,0,0,0,0,0,1,0,1,0
3,0,7.7958,1,0,7.7958,27,0,1,0,0,1,0,1,0,0,0,0,0,0,0,0,0,1,0,0,1
3,2,34.375,5,0,6.875,9,1,0,0,0,1,0,1,0,0,0,0,0,0,0,0,1,0,0,2,0
2,2,26,3,1,8.66666666666667,36.5,0,1,0,0,1,0,0,0,0,0,0,0,1,0,0,0,1,0,0,0
2,0,13,1,0,13,42,0,1,0,0,1,0,1,0,0,0,0,0,0,0,0,0,1,0,0,0
2,0,12.525,1,0,12.525,51,0,1,0,0,1,0,1,0,0,0,0,0,0,0,0,0,1,0,0,0
1,0,66.6,2,1,33.3,22,1,0,0,0,1,0,0,0,0,1,0,0,0,0,0,0,0,1,1,1
3,0,8.05,1,0,8.05,55.5,0,1,0,0,1,0,1,0,0,0,0,0,0,0,0,0,1,0,0,0
3,2,14.5,3,0,4.83333333333333,40.5,0,1,0,0,1,0,1,0,0,0,0,0,0,0,0,0,1,0,0,0
3,0,7.3125,1,0,7.3125,29,0,1,0,0,1,0,1,0,0,0,0,0,0,0,0,0,1,0,0,0
1,1,61.3792,2,0,30.6896,51,0,1,1,0,0,0,1,0,0,0,0,0,0,0,0,0,1,0,0,0
3,0,7.7333,1,0,7.7333,16,1,0,0,1,0,0,1,0,0,0,0,0,0,0,0,1,0,0,0,1
3,0,8.05,1,0,8.05,30,0,1,0,0,1,0,1,0,0,0,0,0,0,0,0,0,1,0,0,0
3,0,8.6625,1,0,8.6625,29,0,1,0,0,1,0,1,0,0,0,0,0,0,0,0,0,1,0,0,0
3,2,69.55,11,0,6.32272727272727,29,0,1,0,0,1,0,1,0,0,0,0,0,0,0,0,0,1,0,8,0
3,1,16.1,2,0,8.05,44,0,1,0,0,1,0,1,0,0,0,0,0,0,0,0,0,1,0,0,0
2,0,15.75,1,0,15.75,40,1,0,0,0,1,0,1,0,0,0,0,0,0,0,0,0,0,1,0,1
3,0,7.775,1,0,7.775,26,0,1,0,0,1,0,1,0,0,0,0,0,0,0,0,0,1,0,0,0
3,0,8.6625,1,0,8.6625,17,0,1,0,0,1,0,1,0,0,0,0,0,0,0,0,0,1,0,0,0
3,1,39.6875,6,0,6.61458333333333,1,0,1,0,0,1,0,1,0,0,0,0,0,0,0,0,0,1,0,4,0
3,2,20.525,3,0,6.84166666666667,9,0,1,0,0,1,0,1,0,0,0,0,0,0,0,0,0,1,0,0,1
1,1,55,2,1,27.5,29,1,0,0,0,1,0,0,0,0,0,0,1,0,0,0,0,0,1,0,1
3,4,27.9,6,0,4.65,45,1,0,0,0,1,0,1,0,0,0,0,0,0,0,0,0,0,1,1,0
1,0,25.925,1,0,25.925,29,0,1,0,0,1,0,1,0,0,0,0,0,0,0,0,0,1,0,0,0
3,0,56.4958,1,0,56.4958,28,0,1,0,0,1,0,1,0,0,0,0,0,0,0,0,0,1,0,0,0
1,0,33.5,1,1,33.5,61,0,1,0,0,1,0,0,0,1,0,0,0,0,0,0,0,1,0,0,0
3,1,29.125,6,0,4.85416666666667,4,0,1,0,1,0,0,1,0,0,0,0,0,0,0,0,0,1,0,4,0
3,1,11.1333,3,0,3.7111,1,1,0,0,0,1,0,1,0,0,0,0,0,0,0,0,1,0,0,1,1
3,0,7.925,1,0,7.925,21,0,1,0,0,1,0,1,0,0,0,0,0,0,0,0,0,1,0,0,0
1,0,30.6958,1,1,30.6958,56,0,1,1,0,0,0,0,1,0,0,0,0,0,0,0,0,1,0,0,0
3,1,7.8542,3,0,2.61806666666667,18,0,1,0,0,1,0,1,0,0,0,0,0,0,0,0,0,1,0,1,0
3,1,25.4667,5,0,5.09334,29,0,1,0,0,1,0,1,0,0,0,0,0,0,0,0,0,1,0,3,0
1,0,28.7125,1,1,28.7125,50,1,0,1,0,0,0,0,0,0,1,0,0,0,0,0,1,0,0,0,0
2,0,13,1,0,13,30,0,1,0,0,1,0,1,0,0,0,0,0,0,0,0,0,1,0,0,0
3,0,0,1,0,0,36,0,1,0,0,1,0,1,0,0,0,0,0,0,0,0,0,1,0,0,0
3,2,69.55,11,0,6.32272727272727,29,1,0,0,0,1,0,1,0,0,0,0,0,0,0,0,1,0,0,8,0
2,0,15.05,1,0,15.05,29,0,1,1,0,0,0,1,0,0,0,0,0,0,0,0,0,1,0,0,0
3,2,31.3875,7,0,4.48392857142857,9,0,1,0,0,1,0,1,0,0,0,0,0,0,0,0,0,1,0,4,0
2,1,39,4,1,9.75,1,0,1,0,0,1,0,0,0,0,0,0,0,1,0,0,0,1,0,2,1
3,2,22.025,3,0,7.34166666666667,4,1,0,0,0,1,0,1,0,0,0,0,0,0,0,0,1,0,0,0,1
1,0,50,1,1,50,29,0,1,0,0,1,0,0,1,0,0,0,0,0,0,0,0,1,0,0,0
3,0,15.5,2,0,7.75,29,1,0,0,1,0,0,1,0,0,0,0,0,0,0,0,0,0,1,1,1
1,0,26.55,1,0,26.55,45,0,1,0,0,1,0,1,0,0,0,0,0,0,0,0,0,1,0,0,1
3,1,15.5,3,0,5.16666666666667,40,0,1,0,1,0,0,1,0,0,0,0,0,0,0,0,0,1,0,1,0
3,0,7.8958,1,0,7.8958,36,0,1,0,0,1,0,1,0,0,0,0,0,0,0,0,0,1,0,0,0
2,0,13,1,0,13,32,1,0,0,0,1,0,1,0,0,0,0,0,0,0,0,0,0,1,0,1
2,0,13,1,0,13,19,0,1,0,0,1,0,1,0,0,0,0,0,0,0,0,0,1,0,0,0
3,0,7.8542,2,0,3.9271,19,1,0,0,0,1,0,1,0,0,0,0,0,0,0,0,1,0,0,1,1
2,1,26,3,1,8.66666666666667,3,0,1,0,0,1,0,0,0,0,0,0,0,1,0,0,0,1,0,1,1
1,0,27.7208,1,1,27.7208,44,1,0,1,0,0,0,0,0,1,0,0,0,0,0,0,0,0,1,0,1
1,0,146.5208,1,1,146.5208,58,1,0,1,0,0,0,0,0,1,0,0,0,0,0,0,1,0,0,0,1
3,0,7.75,1,0,7.75,29,0,1,0,1,0,0,1,0,0,0,0,0,0,0,0,0,1,0,0,0
3,1,8.4042,2,0,4.2021,42,0,1,0,0,1,0,1,0,0,0,0,0,0,0,0,0,1,0,0,0
3,0,7.75,1,0,7.75,29,1,0,0,1,0,0,1,0,0,0,0,0,0,0,0,1,0,0,0,1
2,0,13,1,0,13,24,1,0,0,0,1,0,1,0,0,0,0,0,0,0,0,1,0,0,0,0
3,0,9.5,1,0,9.5,28,0,1,0,0,1,0,1,0,0,0,0,0,0,0,0,0,1,0,0,0
3,2,69.55,11,0,6.32272727272727,29,0,1,0,0,1,0,1,0,0,0,0,0,0,0,0,0,1,0,8,0
3,0,6.4958,1,0,6.4958,34,0,1,0,0,1,0,1,0,0,0,0,0,0,0,0,0,1,0,0,0
3,0,7.225,1,0,7.225,45.5,0,1,1,0,0,0,1,0,0,0,0,0,0,0,0,0,1,0,0,0
3,0,8.05,1,0,8.05,18,0,1,0,0,1,0,1,0,0,0,0,0,0,0,0,0,1,0,0,1
3,1,10.4625,2,1,5.23125,2,1,0,0,0,1,0,0,0,0,0,0,0,0,1,0,1,0,0,0,0
3,0,15.85,2,0,7.925,32,0,1,0,0,1,0,1,0,0,0,0,0,0,0,0,0,1,0,1,0
3,0,18.7875,1,0,18.7875,26,0,1,1,0,0,0,1,0,0,0,0,0,0,0,0,0,1,0,0,1
3,0,7.75,1,0,7.75,16,1,0,0,1,0,0,1,0,0,0,0,0,0,0,0,1,0,0,0,1
1,0,31,1,1,31,40,0,1,1,0,0,0,0,1,0,0,0,0,0,0,0,0,1,0,0,1
3,0,7.05,1,0,7.05,24,0,1,0,0,1,0,1,0,0,0,0,0,0,0,0,0,1,0,0,0
2,0,21,1,0,21,35,1,0,0,0,1,0,1,0,0,0,0,0,0,0,0,1,0,0,0,1
3,0,7.25,1,0,7.25,22,0,1,0,0,1,0,1,0,0,0,0,0,0,0,0,0,1,0,0,0
2,0,13,1,0,13,30,0,1,0,0,1,0,1,0,0,0,0,0,0,0,0,0,1,0,0,0
3,0,7.75,2,0,3.875,29,0,1,0,1,0,0,1,0,0,0,0,0,0,0,0,0,1,0,1,0
1,0,113.275,2,1,56.6375,31,1,0,1,0,0,0,0,0,0,0,1,0,0,0,0,1,0,0,1,1
3,0,7.925,1,0,7.925,27,1,0,0,0,1,0,1,0,0,0,0,0,0,0,0,1,0,0,0,1
2,0,27,2,0,13.5,42,0,1,0,0,1,0,1,0,0,0,0,0,0,0,0,0,1,0,1,0
1,0,76.2917,1,1,76.2917,32,1,0,1,0,0,0,0,0,0,0,1,0,0,0,0,1,0,0,0,1
2,0,10.5,1,0,10.5,30,0,1,0,0,1,0,1,0,0,0,0,0,0,0,0,0,1,0,0,0
3,0,8.05,1,0,8.05,16,0,1,0,0,1,0,1,0,0,0,0,0,0,0,0,0,1,0,0,1
2,0,13,1,0,13,27,0,1,0,0,1,0,1,0,0,0,0,0,0,0,0,0,1,0,0,0
3,0,8.05,1,0,8.05,51,0,1,0,0,1,0,1,0,0,0,0,0,0,0,0,0,1,0,0,0
3,0,7.8958,1,0,7.8958,29,0,1,0,0,1,0,1,0,0,0,0,0,0,0,0,0,1,0,0,0
1,0,90,2,1,45,38,0,1,0,0,1,0,0,0,0,1,0,0,0,0,0,0,1,0,1,1
3,0,9.35,1,0,9.35,22,0,1,0,0,1,0,1,0,0,0,0,0,0,0,0,0,1,0,0,0
2,0,10.5,1,0,10.5,19,0,1,0,0,1,0,1,0,0,0,0,0,0,0,0,0,1,0,0,1
3,0,7.25,1,0,7.25,20.5,0,1,0,0,1,0,1,0,0,0,0,0,0,0,0,0,1,0,0,0
2,0,13,1,0,13,18,0,1,0,0,1,0,1,0,0,0,0,0,0,0,0,0,1,0,0,0
3,1,25.4667,5,0,5.09334,29,1,0,0,0,1,0,1,0,0,0,0,0,0,0,0,1,0,0,3,0
1,0,83.475,2,1,41.7375,35,1,0,0,0,1,0,0,0,0,1,0,0,0,0,0,0,0,1,1,1
3,0,7.775,1,0,7.775,29,0,1,0,0,1,0,1,0,0,0,0,0,0,0,0,0,1,0,0,0
2,0,13.5,1,0,13.5,59,0,1,0,0,1,0,1,0,0,0,0,0,0,0,0,0,1,0,0,0
3,2,31.3875,7,0,4.48392857142857,5,1,0,0,0,1,0,1,0,0,0,0,0,0,0,0,1,0,0,4,1
2,0,10.5,1,0,10.5,24,0,1,0,0,1,0,1,0,0,0,0,0,0,0,0,0,1,0,0,0
3,0,7.55,1,0,7.55,29,1,0,0,0,1,0,1,0,0,0,0,0,0,0,0,1,0,0,0,0
2,0,26,2,0,13,44,0,1,0,0,1,0,1,0,0,0,0,0,0,0,0,0,1,0,1,0
2,2,26.25,3,0,8.75,8,1,0,0,0,1,0,1,0,0,0,0,0,0,0,0,1,0,0,0,1
2,0,10.5,1,0,10.5,19,0,1,0,0,1,0,1,0,0,0,0,0,0,0,0,0,1,0,0,0
2,0,12.275,1,0,12.275,33,0,1,0,0,1,0,1,0,0,0,0,0,0,0,0,0,1,0,0,0
3,0,14.4542,2,0,7.2271,29,1,0,1,0,0,0,1,0,0,0,0,0,0,0,0,1,0,0,1,0
3,0,15.5,2,0,7.75,29,1,0,0,1,0,0,1,0,0,0,0,0,0,0,0,1,0,0,1,1
2,0,10.5,1,0,10.5,29,0,1,0,0,1,0,1,0,0,0,0,0,0,0,0,0,1,0,0,0
3,0,7.125,1,0,7.125,22,0,1,0,0,1,0,1,0,0,0,0,0,0,0,0,0,1,0,0,0
3,0,7.225,1,0,7.225,30,0,1,1,0,0,0,1,0,0,0,0,0,0,0,0,0,1,0,0,0
1,0,90,3,1,30,44,0,1,0,1,0,0,0,0,0,1,0,0,0,0,0,0,1,0,2,0
3,0,7.775,1,0,7.775,25,1,0,0,0,1,0,1,0,0,0,0,0,0,0,0,1,0,0,0,0
2,2,14.5,3,0,4.83333333333333,24,1,0,0,0,1,0,1,0,0,0,0,0,0,0,0,0,0,1,0,1
1,1,52.5542,3,1,17.5180666666667,37,0,1,0,0,1,0,0,0,0,0,1,0,0,0,0,0,1,0,1,1
2,0,26,2,0,13,54,0,1,0,0,1,0,1,0,0,0,0,0,0,0,0,0,1,0,1,0
3,0,7.25,1,0,7.25,29,0,1,0,0,1,0,1,0,0,0,0,0,0,0,0,0,1,0,0,0
3,1,10.4625,3,1,3.4875,29,1,0,0,0,1,0,0,0,0,0,0,0,0,1,0,0,0,1,1,0
1,0,26.55,1,1,26.55,62,0,1,0,0,1,0,0,0,0,1,0,0,0,0,0,0,1,0,0,0
3,0,16.1,2,0,8.05,30,0,1,0,0,1,0,1,0,0,0,0,0,0,0,0,0,1,0,1,0
3,2,20.2125,3,0,6.7375,41,1,0,0,0,1,0,1,0,0,0,0,0,0,0,0,0,0,1,0,0
3,2,15.2458,3,0,5.08193333333333,29,1,0,1,0,0,0,1,0,0,0,0,0,0,0,0,0,0,1,0,1
1,0,79.2,1,0,79.2,29,1,0,1,0,0,0,1,0,0,0,0,0,0,0,0,0,0,1,0,1
1,0,86.5,1,1,86.5,30,1,0,0,0,1,0,0,0,1,0,0,0,0,0,0,1,0,0,0,1
1,0,512.3292,1,0,512.3292,35,1,0,1,0,0,0,1,0,0,0,0,0,0,0,0,1,0,0,0,1
2,1,26,2,0,13,50,1,0,0,0,1,0,1,0,0,0,0,0,0,0,0,0,0,1,0,1
3,0,7.75,1,0,7.75,29,0,1,0,1,0,0,1,0,0,0,0,0,0,0,0,0,1,0,0,0
3,2,31.3875,7,0,4.48392857142857,3,0,1,0,0,1,0,1,0,0,0,0,0,0,0,0,0,1,0,4,1
1,1,79.65,3,1,26.55,52,0,1,0,0,1,0,0,0,0,0,0,1,0,0,0,0,1,0,1,0
1,0,0,1,1,0,40,0,1,0,0,1,0,0,0,1,0,0,0,0,0,0,0,1,0,0,0
3,0,7.75,1,0,7.75,29,1,0,0,1,0,0,1,0,0,0,0,0,0,0,0,1,0,0,0,0
2,0,10.5,1,0,10.5,36,0,1,0,0,1,0,1,0,0,0,0,0,0,0,0,0,1,0,0,0
3,1,39.6875,6,0,6.61458333333333,16,0,1,0,0,1,0,1,0,0,0,0,0,0,0,0,0,1,0,4,0
3,0,7.775,2,0,3.8875,25,0,1,0,0,1,0,1,0,0,0,0,0,0,0,0,0,1,0,1,1
1,1,153.4625,2,1,76.73125,58,1,0,0,0,1,0,0,0,0,1,0,0,0,0,0,0,0,1,0,1
1,0,135.6333,1,1,135.6333,35,1,0,0,0,1,0,0,0,0,1,0,0,0,0,0,1,0,0,0,1
1,0,31,1,0,31,29,0,1,0,0,1,0,1,0,0,0,0,0,0,0,0,0,1,0,0,0
3,0,0,1,0,0,25,0,1,0,0,1,0,1,0,0,0,0,0,0,0,0,0,1,0,0,1
2,1,19.5,2,0,9.75,41,1,0,0,0,1,0,1,0,0,0,0,0,0,0,0,0,0,1,0,1
1,1,29.7,2,1,14.85,37,0,1,1,0,0,0,0,0,0,1,0,0,0,0,0,0,1,0,0,0
3,0,7.75,1,0,7.75,29,1,0,0,1,0,0,1,0,0,0,0,0,0,0,0,1,0,0,0,1
1,0,77.9583,2,1,38.97915,63,1,0,0,0,1,0,0,0,0,0,1,0,0,0,0,1,0,0,1,1
3,0,7.75,1,0,7.75,45,1,0,0,0,1,0,1,0,0,0,0,0,0,0,0,1,0,0,0,0
2,0,0,1,0,0,29,0,1,0,0,1,0,1,0,0,0,0,0,0,0,0,0,1,0,0,0
3,1,29.125,6,0,4.85416666666667,7,0,1,0,1,0,0,1,0,0,0,0,0,0,0,0,0,1,0,4,0
3,1,20.25,3,0,6.75,35,1,0,0,0,1,0,1,0,0,0,0,0,0,0,0,0,0,1,1,1
3,0,7.75,1,0,7.75,65,0,1,0,1,0,0,1,0,0,0,0,0,0,0,0,0,1,0,0,0
3,0,7.8542,1,0,7.8542,28,0,1,0,0,1,0,1,0,0,0,0,0,0,0,0,0,1,0,0,0
3,0,9.5,1,0,9.5,16,0,1,0,0,1,0,1,0,0,0,0,0,0,0,0,0,1,0,0,0
3,0,8.05,1,0,8.05,19,0,1,0,0,1,0,1,0,0,0,0,0,0,0,0,0,1,0,0,1
1,0,26,1,1,26,29,0,1,0,0,1,0,0,1,0,0,0,0,0,0,0,0,1,0,0,0
3,0,8.6625,1,0,8.6625,33,0,1,1,0,0,0,1,0,0,0,0,0,0,0,0,0,1,0,0,0
3,0,9.5,1,0,9.5,30,0,1,0,0,1,0,1,0,0,0,0,0,0,0,0,0,1,0,0,1
3,0,7.8958,1,0,7.8958,22,0,1,0,0,1,0,1,0,0,0,0,0,0,0,0,0,1,0,0,0
2,0,13,1,0,13,42,0,1,0,0,1,0,1,0,0,0,0,0,0,0,0,0,1,0,0,1
3,0,7.75,1,0,7.75,22,1,0,0,1,0,0,1,0,0,0,0,0,0,0,0,1,0,0,0,1
1,0,78.85,1,0,78.85,26,1,0,0,0,1,0,1,0,0,0,0,0,0,0,0,1,0,0,0,1
1,0,91.0792,2,1,45.5396,19,1,0,1,0,0,0,0,0,1,0,0,0,0,0,0,0,0,1,1,1
2,0,12.875,1,1,12.875,36,0,1,1,0,0,0,0,0,0,0,1,0,0,0,0,0,1,0,0,0
3,0,8.85,1,0,8.85,24,1,0,0,0,1,0,1,0,0,0,0,0,0,0,0,1,0,0,0,0
3,0,7.8958,1,0,7.8958,24,0,1,0,0,1,0,1,0,0,0,0,0,0,0,0,0,1,0,0,0
1,0,27.7208,1,0,27.7208,29,0,1,1,0,0,0,1,0,0,0,0,0,0,0,0,0,1,0,0,0
3,0,7.2292,1,0,7.2292,23.5,0,1,1,0,0,0,1,0,0,0,0,0,0,0,0,0,1,0,0,0
1,2,151.55,4,1,37.8875,2,1,0,0,0,1,0,0,0,0,1,0,0,0,0,0,1,0,0,1,0
1,0,30.5,1,1,30.5,29,0,1,0,0,1,0,0,0,0,1,0,0,0,0,0,0,1,0,0,1
1,1,247.5208,2,1,123.7604,50,1,0,1,0,0,0,0,0,1,0,0,0,0,0,0,0,0,1,0,1
3,0,7.75,1,0,7.75,29,1,0,0,1,0,0,1,0,0,0,0,0,0,0,0,1,0,0,0,1
3,0,23.25,3,0,7.75,29,0,1,0,1,0,0,1,0,0,0,0,0,0,0,0,0,1,0,2,1
3,0,0,1,0,0,19,0,1,0,0,1,0,1,0,0,0,0,0,0,0,0,0,1,0,0,0
2,0,12.35,1,1,12.35,29,1,0,0,1,0,0,0,0,0,0,0,1,0,0,0,1,0,0,0,1
3,0,8.05,1,0,8.05,29,0,1,0,0,1,0,1,0,0,0,0,0,0,0,0,0,1,0,0,0
1,2,151.55,4,1,37.8875,0.92,0,1,0,0,1,0,0,0,0,1,0,0,0,0,0,0,1,0,1,1
1,0,110.8833,1,0,110.8833,29,1,0,1,0,0,0,1,0,0,0,0,0,0,0,0,1,0,0,0,1
1,0,108.9,2,1,54.45,17,1,0,1,0,0,0,0,0,0,1,0,0,0,0,0,0,0,1,1,1
2,0,24,2,0,12,30,0,1,1,0,0,0,1,0,0,0,0,0,0,0,0,0,1,0,1,0
1,0,56.9292,1,1,56.9292,30,1,0,1,0,0,0,0,0,0,0,0,1,0,0,0,1,0,0,0,1
1,0,83.1583,1,1,83.1583,24,1,0,1,0,0,0,0,0,0,1,0,0,0,0,0,1,0,0,0,1
1,2,262.375,5,1,52.475,18,1,0,1,0,0,0,0,0,1,0,0,0,0,0,0,1,0,0,2,1
2,1,26,3,0,8.66666666666667,26,1,0,0,0,1,0,1,0,0,0,0,0,0,0,0,0,0,1,1,0
3,0,7.8958,1,0,7.8958,28,0,1,0,0,1,0,1,0,0,0,0,0,0,0,0,0,1,0,0,0
2,1,26.25,3,0,8.75,43,0,1,0,0,1,0,1,0,0,0,0,0,0,0,0,0,1,0,1,0
3,0,7.8542,1,0,7.8542,26,1,0,0,0,1,0,1,0,0,0,0,0,0,0,0,1,0,0,0,1
2,0,26,2,0,13,24,1,0,0,0,1,0,1,0,0,0,0,0,0,0,0,0,0,1,1,1
2,0,14,1,0,14,54,0,1,0,0,1,0,1,0,0,0,0,0,0,0,0,0,1,0,0,0
1,2,164.8667,3,1,54.9555666666667,31,1,0,0,0,1,0,0,0,0,1,0,0,0,0,0,1,0,0,0,1
1,1,134.5,3,1,44.8333333333333,40,1,0,1,0,0,0,0,0,0,0,0,1,0,0,0,0,0,1,1,1
3,0,7.25,1,0,7.25,22,0,1,0,0,1,0,1,0,0,0,0,0,0,0,0,0,1,0,0,0
3,0,7.8958,1,0,7.8958,27,0,1,0,0,1,0,1,0,0,0,0,0,0,0,0,0,1,0,0,0
2,0,12.35,1,0,12.35,30,1,0,0,1,0,0,1,0,0,0,0,0,0,0,0,1,0,0,0,1
2,1,29,3,0,9.66666666666667,22,1,0,0,0,1,0,1,0,0,0,0,0,0,0,0,0,0,1,1,1
3,2,69.55,11,0,6.32272727272727,29,0,1,0,0,1,0,1,0,0,0,0,0,0,0,0,0,1,0,8,0
1,0,135.6333,1,1,135.6333,36,1,0,1,0,0,0,0,0,0,1,0,0,0,0,0,1,0,0,0,1
3,0,6.2375,1,0,6.2375,61,0,1,0,0,1,0,1,0,0,0,0,0,0,0,0,0,1,0,0,0
2,0,13,1,1,13,36,1,0,0,0,1,0,0,0,0,0,1,0,0,0,0,0,0,1,0,1
3,1,20.525,3,0,6.84166666666667,31,1,0,0,0,1,0,1,0,0,0,0,0,0,0,0,0,0,1,1,1
1,1,57.9792,2,1,28.9896,16,1,0,1,0,0,0,0,0,1,0,0,0,0,0,0,1,0,0,0,1
3,0,23.25,3,0,7.75,29,1,0,0,1,0,0,1,0,0,0,0,0,0,0,0,1,0,0,2,1
1,0,28.5,1,1,28.5,45.5,0,1,0,0,1,0,0,0,0,1,0,0,0,0,0,0,1,0,0,0
1,1,153.4625,2,1,76.73125,38,0,1,0,0,1,0,0,0,0,1,0,0,0,0,0,0,1,0,0,0
3,0,18,3,0,6,16,0,1,0,0,1,0,1,0,0,0,0,0,0,0,0,0,1,0,2,0
1,0,133.65,2,0,66.825,29,1,0,0,0,1,0,1,0,0,0,0,0,0,0,0,0,0,1,1,1
3,0,7.8958,1,0,7.8958,29,0,1,0,0,1,0,1,0,0,0,0,0,0,0,0,0,1,0,0,0
1,0,66.6,2,1,33.3,29,0,1,0,0,1,0,0,0,0,1,0,0,0,0,0,0,1,0,1,0
1,0,134.5,1,1,134.5,41,1,0,1,0,0,0,0,0,0,0,0,1,0,0,0,1,0,0,0,1
3,0,8.05,1,0,8.05,45,0,1,0,0,1,0,1,0,0,0,0,0,0,0,0,0,1,0,0,1
1,0,35.5,1,1,35.5,45,0,1,0,0,1,0,0,0,0,0,0,0,0,0,1,0,1,0,0,0
2,1,26,3,1,8.66666666666667,2,0,1,0,0,1,0,0,0,0,0,0,0,1,0,0,0,1,0,1,1
1,2,263,6,1,43.8333333333333,24,1,0,0,0,1,0,0,0,0,1,0,0,0,0,0,1,0,0,3,1
2,0,13,1,0,13,28,0,1,0,0,1,0,1,0,0,0,0,0,0,0,0,0,1,0,0,0
2,0,13,1,0,13,25,0,1,0,0,1,0,1,0,0,0,0,0,0,0,0,0,1,0,0,0
2,0,13,1,0,13,36,0,1,0,0,1,0,1,0,0,0,0,0,0,0,0,0,1,0,0,0
2,0,13,1,1,13,24,1,0,0,0,1,0,0,0,0,0,0,0,1,0,0,1,0,0,0,1
2,0,13,1,0,13,40,1,0,0,0,1,0,1,0,0,0,0,0,0,0,0,1,0,0,0,1
3,0,16.1,2,0,8.05,29,1,0,0,0,1,0,1,0,0,0,0,0,0,0,0,0,0,1,1,1
3,1,15.9,3,0,5.3,3,0,1,0,0,1,0,1,0,0,0,0,0,0,0,0,0,1,0,1,1
3,0,8.6625,1,0,8.6625,42,0,1,0,0,1,0,1,0,0,0,0,0,0,0,0,0,1,0,0,0
3,0,9.225,1,0,9.225,23,0,1,0,0,1,0,1,0,0,0,0,0,0,0,0,0,1,0,0,0
1,0,35,1,1,35,29,0,1,0,0,1,0,0,0,0,1,0,0,0,0,0,0,1,0,0,0
3,1,7.2292,3,0,2.40973333333333,15,0,1,1,0,0,0,1,0,0,0,0,0,0,0,0,0,1,0,1,0
3,0,17.8,2,0,8.9,25,0,1,0,0,1,0,1,0,0,0,0,0,0,0,0,0,1,0,1,0
3,0,7.225,1,0,7.225,29,0,1,1,0,0,0,1,0,0,0,0,0,0,0,0,0,1,0,0,0
3,0,9.5,1,0,9.5,28,0,1,0,0,1,0,1,0,0,0,0,0,0,0,0,0,1,0,0,0
1,1,55,2,1,27.5,22,1,0,0,0,1,0,0,0,0,0,0,1,0,0,0,1,0,0,0,1
2,0,13,1,0,13,38,1,0,0,0,1,0,1,0,0,0,0,0,0,0,0,1,0,0,0,0
3,0,7.8792,1,0,7.8792,29,1,0,0,1,0,0,1,0,0,0,0,0,0,0,0,1,0,0,0,1
3,0,7.8792,1,0,7.8792,29,1,0,0,1,0,0,1,0,0,0,0,0,0,0,0,1,0,0,0,1
3,4,27.9,6,0,4.65,40,0,1,0,0,1,0,1,0,0,0,0,0,0,0,0,0,1,0,1,0
2,0,27.7208,2,0,13.8604,29,0,1,1,0,0,0,1,0,0,0,0,0,0,0,0,0,1,0,1,0
3,1,14.4542,2,0,7.2271,45,1,0,1,0,0,0,1,0,0,0,0,0,0,0,0,0,0,1,0,0
3,0,7.05,1,0,7.05,35,0,1,0,0,1,0,1,0,0,0,0,0,0,0,0,0,1,0,0,0
3,0,15.5,2,0,7.75,29,0,1,0,1,0,0,1,0,0,0,0,0,0,0,0,0,1,0,1,0
3,0,7.25,1,0,7.25,30,0,1,0,0,1,0,1,0,0,0,0,0,0,0,0,0,1,0,0,0
1,0,75.25,2,1,37.625,60,1,0,1,0,0,0,0,0,0,0,1,0,0,0,0,0,0,1,1,1
3,0,7.2292,1,0,7.2292,29,1,0,1,0,0,0,1,0,0,0,0,0,0,0,0,0,0,1,0,1
3,0,7.75,1,0,7.75,29,1,0,0,1,0,0,1,0,0,0,0,0,0,0,0,1,0,0,0,1
1,0,69.3,1,1,69.3,24,1,0,1,0,0,0,0,0,1,0,0,0,0,0,0,0,0,1,0,1
1,0,55.4417,2,1,27.72085,25,0,1,1,0,0,0,0,0,0,0,0,1,0,0,0,0,1,0,1,1
3,0,6.4958,2,0,3.2479,18,0,1,0,0,1,0,1,0,0,0,0,0,0,0,0,0,1,0,1,0
3,0,8.05,1,0,8.05,19,0,1,0,0,1,0,1,0,0,0,0,0,0,0,0,0,1,0,0,0
1,0,135.6333,1,0,135.6333,22,0,1,1,0,0,0,1,0,0,0,0,0,0,0,0,0,1,0,0,0
3,1,21.075,5,0,4.215,3,1,0,0,0,1,0,1,0,0,0,0,0,0,0,0,1,0,0,3,0
1,0,82.1708,2,0,41.0854,29,1,0,1,0,0,0,1,0,0,0,0,0,0,0,0,0,0,1,1,1
3,0,7.25,1,0,7.25,22,1,0,0,0,1,0,1,0,0,0,0,0,0,0,0,1,0,0,0,1
1,2,211.5,3,1,70.5,27,0,1,1,0,0,0,0,0,0,1,0,0,0,0,0,0,1,0,0,0
3,0,4.0125,1,0,4.0125,20,0,1,1,0,0,0,1,0,0,0,0,0,0,0,0,0,1,0,0,0
3,0,7.775,1,0,7.775,19,0,1,0,0,1,0,1,0,0,0,0,0,0,0,0,0,1,0,0,0
1,0,227.525,1,0,227.525,42,1,0,1,0,0,0,1,0,0,0,0,0,0,0,0,1,0,0,0,1
3,2,15.7417,3,0,5.24723333333333,1,1,0,1,0,0,0,1,0,0,0,0,0,0,0,0,1,0,0,0,1
3,0,7.925,1,0,7.925,32,0,1,0,0,1,0,1,0,0,0,0,0,0,0,0,0,1,0,0,0
1,0,52,2,0,26,35,1,0,0,0,1,0,1,0,0,0,0,0,0,0,0,0,0,1,1,1
3,0,7.8958,1,0,7.8958,29,0,1,0,0,1,0,1,0,0,0,0,0,0,0,0,0,1,0,0,0
2,0,73.5,1,0,73.5,18,0,1,0,0,1,0,1,0,0,0,0,0,0,0,0,0,1,0,0,0
3,2,46.9,8,0,5.8625,1,0,1,0,0,1,0,1,0,0,0,0,0,0,0,0,0,1,0,5,0
2,0,13,1,0,13,36,1,0,0,0,1,0,1,0,0,0,0,0,0,0,0,1,0,0,0,1
3,0,7.7292,1,0,7.7292,29,0,1,0,1,0,0,1,0,0,0,0,0,0,0,0,0,1,0,0,0
2,0,12,1,0,12,17,1,0,1,0,0,0,1,0,0,0,0,0,0,0,0,1,0,0,0,1
1,2,120,4,1,30,36,0,1,0,0,1,0,0,0,1,0,0,0,0,0,0,0,1,0,1,1
3,0,7.7958,1,0,7.7958,21,0,1,0,0,1,0,1,0,0,0,0,0,0,0,0,0,1,0,0,1
3,0,7.925,3,0,2.64166666666667,28,0,1,0,0,1,0,1,0,0,0,0,0,0,0,0,0,1,0,2,0
1,0,113.275,2,1,56.6375,23,1,0,1,0,0,0,0,0,0,0,1,0,0,0,0,1,0,0,1,1
3,2,16.7,3,1,5.56666666666667,24,1,0,0,0,1,0,0,0,0,0,0,0,0,1,0,0,0,1,0,1
3,0,7.7958,1,0,7.7958,22,0,1,0,0,1,0,1,0,0,0,0,0,0,0,0,0,1,0,0,0
3,0,7.8542,1,0,7.8542,31,1,0,0,0,1,0,1,0,0,0,0,0,0,0,0,1,0,0,0,0
2,0,26,1,0,26,46,0,1,0,0,1,0,1,0,0,0,0,0,0,0,0,0,1,0,0,0
2,0,10.5,1,0,10.5,23,0,1,0,0,1,0,1,0,0,0,0,0,0,0,0,0,1,0,0,0
2,0,12.65,1,0,12.65,28,1,0,0,0,1,0,1,0,0,0,0,0,0,0,0,0,0,1,0,1
3,0,7.925,1,0,7.925,39,0,1,0,0,1,0,1,0,0,0,0,0,0,0,0,0,1,0,0,1
3,0,8.05,1,0,8.05,26,0,1,0,0,1,0,1,0,0,0,0,0,0,0,0,0,1,0,0,0
3,0,9.825,2,0,4.9125,21,1,0,0,0,1,0,1,0,0,0,0,0,0,0,0,1,0,0,1,0
3,0,15.85,2,0,7.925,28,0,1,0,0,1,0,1,0,0,0,0,0,0,0,0,0,1,0,1,0
3,0,8.6625,1,0,8.6625,20,1,0,0,0,1,0,1,0,0,0,0,0,0,0,0,1,0,0,0,0
2,0,21,2,0,10.5,34,0,1,0,0,1,0,1,0,0,0,0,0,0,0,0,0,1,0,1,0
3,0,7.75,1,0,7.75,51,0,1,0,0,1,0,1,0,0,0,0,0,0,0,0,0,1,0,0,0
2,1,18.75,3,0,6.25,3,0,1,0,0,1,0,1,0,0,0,0,0,0,0,0,0,1,0,1,1
3,0,7.775,1,0,7.775,21,0,1,0,0,1,0,1,0,0,0,0,0,0,0,0,0,1,0,0,0
3,1,25.4667,5,0,5.09334,29,1,0,0,0,1,0,1,0,0,0,0,0,0,0,0,1,0,0,3,0
3,0,7.8958,1,0,7.8958,29,0,1,0,0,1,0,1,0,0,0,0,0,0,0,0,0,1,0,0,0
3,0,6.8583,1,0,6.8583,29,0,1,0,1,0,0,1,0,0,0,0,0,0,0,0,0,1,0,0,0
1,0,90,2,1,45,33,1,0,0,1,0,0,0,0,0,1,0,0,0,0,0,1,0,0,1,1
2,0,0,1,0,0,29,0,1,0,0,1,0,1,0,0,0,0,0,0,0,0,0,1,0,0,0
3,0,7.925,1,0,7.925,44,0,1,0,0,1,0,1,0,0,0,0,0,0,0,0,0,1,0,0,1
3,0,8.05,1,0,8.05,29,1,0,0,0,1,0,1,0,0,0,0,0,0,0,0,0,0,1,0,0
2,1,32.5,3,0,10.8333333333333,34,1,0,0,0,1,0,1,0,0,0,0,0,0,0,0,0,0,1,1,1
2,2,13,3,0,4.33333333333333,18,1,0,0,0,1,0,1,0,0,0,0,0,0,0,0,1,0,0,0,1
2,0,13,1,0,13,30,0,1,0,0,1,0,1,0,0,0,0,0,0,0,0,0,1,0,0,0
3,2,24.15,3,0,8.05,10,1,0,0,0,1,0,1,0,0,0,0,0,0,0,0,1,0,0,0,0
3,0,7.8958,1,0,7.8958,29,0,1,1,0,0,0,1,0,0,0,0,0,0,0,0,0,1,0,0,0
3,0,7.7333,1,0,7.7333,21,0,1,0,1,0,0,1,0,0,0,0,0,0,0,0,0,1,0,0,0
3,0,7.875,1,0,7.875,29,0,1,0,0,1,0,1,0,0,0,0,0,0,0,0,0,1,0,0,0
3,1,14.4,3,0,4.8,28,1,0,0,0,1,0,1,0,0,0,0,0,0,0,0,0,0,1,1,0
3,1,20.2125,3,0,6.7375,18,0,1,0,0,1,0,1,0,0,0,0,0,0,0,0,0,1,0,1,0
3,0,7.25,1,0,7.25,29,0,1,0,0,1,0,1,0,0,0,0,0,0,0,0,0,1,0,0,0
2,0,26,2,0,13,28,1,0,0,0,1,0,1,0,0,0,0,0,0,0,0,0,0,1,1,1
2,0,26,1,0,26,19,1,0,0,0,1,0,1,0,0,0,0,0,0,0,0,1,0,0,0,1
3,0,7.75,1,0,7.75,29,0,1,0,1,0,0,1,0,0,0,0,0,0,0,0,0,1,0,0,0
3,0,8.05,1,1,8.05,32,0,1,0,0,1,0,0,0,0,0,0,1,0,0,0,0,1,0,0,1
1,0,26.55,1,1,26.55,28,0,1,0,0,1,0,0,0,0,1,0,0,0,0,0,0,1,0,0,1
3,0,16.1,2,0,8.05,29,1,0,0,0,1,0,1,0,0,0,0,0,0,0,0,0,0,1,1,1
2,0,26,2,0,13,42,1,0,0,0,1,0,1,0,0,0,0,0,0,0,0,0,0,1,1,1
3,0,7.125,1,0,7.125,17,0,1,0,0,1,0,1,0,0,0,0,0,0,0,0,0,1,0,0,0
1,0,55.9,2,1,27.95,50,0,1,0,0,1,0,0,0,0,0,0,1,0,0,0,0,1,0,1,0
1,2,120,4,1,30,14,1,0,0,0,1,0,0,0,1,0,0,0,0,0,0,1,0,0,1,1
3,2,34.375,5,0,6.875,21,1,0,0,0,1,0,1,0,0,0,0,0,0,0,0,1,0,0,2,0
2,3,18.75,6,0,3.125,24,1,0,0,0,1,0,1,0,0,0,0,0,0,0,0,0,0,1,2,1
1,4,263,6,1,43.8333333333333,64,0,1,0,0,1,0,0,0,0,1,0,0,0,0,0,0,1,0,1,0
2,0,10.5,1,0,10.5,31,0,1,0,0,1,0,1,0,0,0,0,0,0,0,0,0,1,0,0,0
2,1,26.25,3,0,8.75,45,1,0,0,0,1,0,1,0,0,0,0,0,0,0,0,0,0,1,1,1
3,0,9.5,1,0,9.5,20,0,1,0,0,1,0,1,0,0,0,0,0,0,0,0,0,1,0,0,0
3,0,7.775,2,0,3.8875,25,0,1,0,0,1,0,1,0,0,0,0,0,0,0,0,0,1,0,1,0
2,0,13,1,0,13,28,1,0,0,0,1,0,1,0,0,0,0,0,0,0,0,1,0,0,0,1
3,0,8.1125,1,0,8.1125,29,0,1,0,0,1,0,1,0,0,0,0,0,0,0,0,0,1,0,0,1
1,2,81.8583,3,1,27.2861,4,0,1,0,0,1,0,0,1,0,0,0,0,0,0,0,0,1,0,0,1
2,1,19.5,2,0,9.75,13,1,0,0,0,1,0,1,0,0,0,0,0,0,0,0,1,0,0,0,1
1,0,26.55,1,0,26.55,34,0,1,0,0,1,0,1,0,0,0,0,0,0,0,0,0,1,0,0,1
3,1,19.2583,4,0,4.814575,5,1,0,1,0,0,0,1,0,0,0,0,0,0,0,0,1,0,0,2,1
1,0,30.5,1,1,30.5,52,0,1,0,0,1,0,0,0,0,1,0,0,0,0,0,0,1,0,0,1
2,2,27.75,4,0,6.9375,36,0,1,0,0,1,0,1,0,0,0,0,0,0,0,0,0,1,0,1,0
3,0,19.9667,2,0,9.98335,29,0,1,0,0,1,0,1,0,0,0,0,0,0,0,0,0,1,0,1,0
1,0,27.75,1,1,27.75,30,0,1,1,0,0,0,0,0,0,1,0,0,0,0,0,0,1,0,0,0
1,0,89.1042,2,1,44.5521,49,0,1,1,0,0,0,0,0,0,1,0,0,0,0,0,0,1,0,1,1
3,0,8.05,1,0,8.05,29,0,1,0,0,1,0,1,0,0,0,0,0,0,0,0,0,1,0,0,0
3,0,7.8958,1,0,7.8958,29,0,1,1,0,0,0,1,0,0,0,0,0,0,0,0,0,1,0,0,1
1,0,26.55,1,1,26.55,65,0,1,0,0,1,0,0,0,0,0,0,1,0,0,0,0,1,0,0,0
1,0,51.8625,2,1,25.93125,29,1,0,0,0,1,0,0,0,0,0,1,0,0,0,0,0,0,1,1,1
2,0,10.5,1,0,10.5,50,1,0,0,0,1,0,1,0,0,0,0,0,0,0,0,1,0,0,0,1
3,0,7.75,1,0,7.75,29,0,1,0,1,0,0,1,0,0,0,0,0,0,0,0,0,1,0,0,0
1,0,26.55,1,1,26.55,48,0,1,0,0,1,0,0,0,0,0,0,1,0,0,0,0,1,0,0,1
3,0,8.05,1,0,8.05,34,0,1,0,0,1,0,1,0,0,0,0,0,0,0,0,0,1,0,0,0
1,0,38.5,1,1,38.5,47,0,1,0,0,1,0,0,0,0,0,0,1,0,0,0,0,1,0,0,0
2,0,13,1,0,13,48,0,1,0,0,1,0,1,0,0,0,0,0,0,0,0,0,1,0,0,0
3,0,8.05,1,0,8.05,29,0,1,0,0,1,0,1,0,0,0,0,0,0,0,0,0,1,0,0,0
3,0,7.05,1,0,7.05,38,0,1,0,0,1,0,1,0,0,0,0,0,0,0,0,0,1,0,0,0
2,0,0,1,0,0,29,0,1,0,0,1,0,1,0,0,0,0,0,0,0,0,0,1,0,0,0
1,0,26.55,1,0,26.55,56,0,1,0,0,1,0,1,0,0,0,0,0,0,0,0,0,1,0,0,0
3,0,7.725,1,0,7.725,29,0,1,0,1,0,0,1,0,0,0,0,0,0,0,0,0,1,0,0,0
3,1,19.2583,4,0,4.814575,0.75,1,0,1,0,0,0,1,0,0,0,0,0,0,0,0,1,0,0,2,1
3,0,7.25,1,0,7.25,29,0,1,0,0,1,0,1,0,0,0,0,0,0,0,0,0,1,0,0,0
3,0,8.6625,1,0,8.6625,38,0,1,0,0,1,0,1,0,0,0,0,0,0,0,0,0,1,0,0,0
2,2,27.75,4,0,6.9375,33,1,0,0,0,1,0,1,0,0,0,0,0,0,0,0,0,0,1,1,1
2,0,13.7917,1,1,13.7917,23,1,0,1,0,0,0,0,0,0,0,1,0,0,0,0,0,0,1,0,1
3,0,9.8375,1,0,9.8375,22,1,0,0,0,1,0,1,0,0,0,0,0,0,0,0,1,0,0,0,0
1,0,52,1,1,52,29,0,1,0,0,1,0,0,1,0,0,0,0,0,0,0,0,1,0,0,0
2,0,21,2,0,10.5,34,0,1,0,0,1,0,1,0,0,0,0,0,0,0,0,0,1,0,1,0
3,0,7.0458,2,0,3.5229,29,0,1,0,0,1,0,1,0,0,0,0,0,0,0,0,0,1,0,1,0
3,0,7.5208,1,0,7.5208,22,0,1,0,0,1,0,1,0,0,0,0,0,0,0,0,0,1,0,0,0
3,1,12.2875,2,0,6.14375,2,1,0,0,0,1,0,1,0,0,0,0,0,0,0,0,1,0,0,0,1
3,2,46.9,8,0,5.8625,9,0,1,0,0,1,0,1,0,0,0,0,0,0,0,0,0,1,0,5,0
2,0,0,1,0,0,29,0,1,0,0,1,0,1,0,0,0,0,0,0,0,0,0,1,0,0,0
3,0,8.05,1,0,8.05,50,0,1,0,0,1,0,1,0,0,0,0,0,0,0,0,0,1,0,0,0
3,0,9.5875,1,0,9.5875,63,1,0,0,0,1,0,1,0,0,0,0,0,0,0,0,0,0,1,0,1
1,0,91.0792,2,1,45.5396,25,0,1,1,0,0,0,0,0,1,0,0,0,0,0,0,0,1,0,1,1
3,1,25.4667,5,0,5.09334,29,1,0,0,0,1,0,1,0,0,0,0,0,0,0,0,1,0,0,3,0
1,0,90,2,1,45,35,1,0,0,0,1,0,0,0,0,1,0,0,0,0,0,0,0,1,1,1
1,0,29.7,1,1,29.7,58,0,1,1,0,0,0,0,0,1,0,0,0,0,0,0,0,1,0,0,0
3,0,8.05,1,0,8.05,30,0,1,0,0,1,0,1,0,0,0,0,0,0,0,0,0,1,0,0,0
3,1,15.9,3,0,5.3,9,0,1,0,0,1,0,1,0,0,0,0,0,0,0,0,0,1,0,1,1
3,0,19.9667,2,0,9.98335,29,0,1,0,0,1,0,1,0,0,0,0,0,0,0,0,0,1,0,1,0
3,0,7.25,1,0,7.25,21,0,1,0,0,1,0,1,0,0,0,0,0,0,0,0,0,1,0,0,0
1,0,30.5,1,1,30.5,55,0,1,0,0,1,0,0,0,0,1,0,0,0,0,0,0,1,0,0,0
1,0,49.5042,1,0,49.5042,71,0,1,1,0,0,0,1,0,0,0,0,0,0,0,0,0,1,0,0,0
3,0,8.05,1,0,8.05,21,0,1,0,0,1,0,1,0,0,0,0,0,0,0,0,0,1,0,0,0
3,0,14.4583,1,0,14.4583,29,0,1,1,0,0,0,1,0,0,0,0,0,0,0,0,0,1,0,0,0
1,0,78.2667,2,1,39.13335,54,1,0,1,0,0,0,0,0,0,0,1,0,0,0,0,1,0,0,1,1
3,0,15.1,1,0,15.1,29,0,1,0,0,1,0,1,0,0,0,0,0,0,0,0,0,1,0,0,0
1,2,151.55,4,1,37.8875,25,1,0,0,0,1,0,0,0,0,1,0,0,0,0,0,0,0,1,1,0
3,0,7.7958,1,0,7.7958,24,0,1,0,0,1,0,1,0,0,0,0,0,0,0,0,0,1,0,0,0
3,0,8.6625,1,0,8.6625,17,0,1,0,0,1,0,1,0,0,0,0,0,0,0,0,0,1,0,0,0
3,0,7.75,1,0,7.75,21,1,0,0,1,0,0,1,0,0,0,0,0,0,0,0,1,0,0,0,0
3,0,7.6292,1,0,7.6292,29,1,0,0,1,0,0,1,0,0,0,0,0,0,0,0,1,0,0,0,0
3,0,9.5875,1,0,9.5875,37,1,0,0,0,1,0,1,0,0,0,0,0,0,0,0,1,0,0,0,0
1,0,86.5,1,1,86.5,16,1,0,0,0,1,0,0,0,1,0,0,0,0,0,0,1,0,0,0,1
1,0,108.9,2,1,54.45,18,0,1,1,0,0,0,0,0,0,1,0,0,0,0,0,0,1,0,1,0
2,2,26,3,0,8.66666666666667,33,1,0,0,0,1,0,1,0,0,0,0,0,0,0,0,0,0,1,0,1
1,0,26.55,1,0,26.55,29,0,1,0,0,1,0,1,0,0,0,0,0,0,0,0,0,1,0,0,1
3,0,22.525,1,0,22.525,28,0,1,0,0,1,0,1,0,0,0,0,0,0,0,0,0,1,0,0,0
3,0,56.4958,1,0,56.4958,26,0,1,0,0,1,0,1,0,0,0,0,0,0,0,0,0,1,0,0,1
3,0,7.75,1,0,7.75,29,0,1,0,1,0,0,1,0,0,0,0,0,0,0,0,0,1,0,0,1
3,0,8.05,1,0,8.05,29,0,1,0,0,1,0,1,0,0,0,0,0,0,0,0,0,1,0,0,0
1,0,26.2875,1,1,26.2875,36,0,1,0,0,1,0,0,0,0,0,0,1,0,0,0,0,1,0,0,1
1,0,59.4,2,0,29.7,54,1,0,1,0,0,0,1,0,0,0,0,0,0,0,0,0,0,1,1,1
3,0,7.4958,1,0,7.4958,24,0,1,0,0,1,0,1,0,0,0,0,0,0,0,0,0,1,0,0,0
1,0,34.0208,1,1,34.0208,47,0,1,0,0,1,0,0,0,0,0,1,0,0,0,0,0,1,0,0,0
2,0,10.5,1,1,10.5,34,1,0,0,0,1,0,0,0,0,0,0,0,1,0,0,0,0,1,0,1
3,0,24.15,1,0,24.15,29,0,1,0,1,0,0,1,0,0,0,0,0,0,0,0,0,1,0,0,0
2,0,26,2,0,13,36,1,0,0,0,1,0,1,0,0,0,0,0,0,0,0,0,0,1,1,1
3,0,7.8958,1,0,7.8958,32,0,1,0,0,1,0,1,0,0,0,0,0,0,0,0,0,1,0,0,0
1,0,93.5,1,1,93.5,30,1,0,0,0,1,0,0,0,1,0,0,0,0,0,0,1,0,0,0,1
3,0,7.8958,1,0,7.8958,22,0,1,0,0,1,0,1,0,0,0,0,0,0,0,0,0,1,0,0,0
3,0,7.225,1,0,7.225,29,0,1,1,0,0,0,1,0,0,0,0,0,0,0,0,0,1,0,0,0
1,1,57.9792,2,1,28.9896,44,1,0,1,0,0,0,0,0,1,0,0,0,0,0,0,0,0,1,0,1
3,0,7.2292,1,0,7.2292,29,0,1,1,0,0,0,1,0,0,0,0,0,0,0,0,0,1,0,0,0
3,0,7.75,1,0,7.75,40.5,0,1,0,1,0,0,1,0,0,0,0,0,0,0,0,0,1,0,0,0
2,0,10.5,1,0,10.5,50,1,0,0,0,1,0,1,0,0,0,0,0,0,0,0,1,0,0,0,1
1,0,221.7792,1,1,221.7792,29,0,1,0,0,1,0,0,0,0,1,0,0,0,0,0,0,1,0,0,0
3,0,7.925,1,0,7.925,39,0,1,0,0,1,0,1,0,0,0,0,0,0,0,0,0,1,0,0,0
2,1,11.5,4,0,2.875,23,0,1,0,0,1,0,1,0,0,0,0,0,0,0,0,0,1,0,2,0
2,1,26,3,0,8.66666666666667,2,1,0,0,0,1,0,1,0,0,0,0,0,0,0,0,1,0,0,1,1
3,0,7.2292,1,0,7.2292,29,0,1,1,0,0,0,1,0,0,0,0,0,0,0,0,0,1,0,0,0
3,1,7.2292,3,0,2.40973333333333,17,0,1,1,0,0,0,1,0,0,0,0,0,0,0,0,0,1,0,1,0
3,2,22.3583,3,0,7.45276666666667,29,1,0,1,0,0,0,1,0,0,0,0,0,0,0,0,0,0,1,0,1
3,0,8.6625,1,0,8.6625,30,1,0,0,0,1,0,1,0,0,0,0,0,0,0,0,1,0,0,0,0
2,2,26.25,3,0,8.75,7,1,0,0,0,1,0,1,0,0,0,0,0,0,0,0,1,0,0,0,1
1,0,26.55,1,1,26.55,45,0,1,0,0,1,0,0,0,1,0,0,0,0,0,0,0,1,0,0,0
1,0,106.425,1,0,106.425,30,1,0,1,0,0,0,1,0,0,0,0,0,0,0,0,1,0,0,0,1
3,0,14.5,1,0,14.5,29,0,1,0,0,1,0,1,0,0,0,0,0,0,0,0,0,1,0,0,0
1,2,49.5,3,1,16.5,22,1,0,1,0,0,0,0,0,1,0,0,0,0,0,0,1,0,0,0,1
1,2,71,3,1,23.6666666666667,36,1,0,0,0,1,0,0,0,1,0,0,0,0,0,0,1,0,0,0,1
3,2,31.275,7,0,4.46785714285714,9,1,0,0,0,1,0,1,0,0,0,0,0,0,0,0,1,0,0,4,0
3,2,31.275,7,0,4.46785714285714,11,1,0,0,0,1,0,1,0,0,0,0,0,0,0,0,1,0,0,4,0
2,0,26,2,0,13,32,0,1,0,0,1,0,1,0,0,0,0,0,0,0,0,0,1,0,1,1
1,0,106.425,2,1,53.2125,50,0,1,1,0,0,0,0,0,0,1,0,0,0,0,0,0,1,0,1,0
1,0,26,1,0,26,64,0,1,0,0,1,0,1,0,0,0,0,0,0,0,0,0,1,0,0,0
2,0,26,2,0,13,19,1,0,0,0,1,0,1,0,0,0,0,0,0,0,0,0,0,1,1,1
2,0,13.8625,1,0,13.8625,29,0,1,1,0,0,0,1,0,0,0,0,0,0,0,0,0,1,0,0,1
3,1,20.525,3,0,6.84166666666667,33,0,1,0,0,1,0,1,0,0,0,0,0,0,0,0,0,1,0,1,0
2,1,36.75,3,0,12.25,8,0,1,0,0,1,0,1,0,0,0,0,0,0,0,0,0,1,0,1,1
1,2,110.8833,3,1,36.9611,17,0,1,1,0,0,0,0,0,0,1,0,0,0,0,0,0,1,0,0,1
2,0,26,1,0,26,27,0,1,0,0,1,0,1,0,0,0,0,0,0,0,0,0,1,0,0,0
3,0,7.8292,1,0,7.8292,29,0,1,0,1,0,0,1,0,0,0,0,0,0,0,0,0,1,0,0,0
3,0,7.225,1,0,7.225,22,0,1,1,0,0,0,1,0,0,0,0,0,0,0,0,0,1,0,0,1
3,0,7.775,1,0,7.775,22,1,0,0,0,1,0,1,0,0,0,0,0,0,0,0,1,0,0,0,1
1,0,26.55,1,0,26.55,62,0,1,0,0,1,0,1,0,0,0,0,0,0,0,0,0,1,0,0,0
1,0,39.6,2,1,19.8,48,1,0,1,0,0,0,0,1,0,0,0,0,0,0,0,0,0,1,1,1
1,0,227.525,1,0,227.525,29,0,1,1,0,0,0,1,0,0,0,0,0,0,0,0,0,1,0,0,0
1,1,79.65,3,1,26.55,39,1,0,0,0,1,0,0,0,0,0,0,1,0,0,0,0,0,1,1,1
3,0,17.4,2,0,8.7,36,1,0,0,0,1,0,1,0,0,0,0,0,0,0,0,0,0,1,1,1
3,0,7.75,1,0,7.75,29,0,1,0,1,0,0,1,0,0,0,0,0,0,0,0,0,1,0,0,0
3,0,7.8958,1,0,7.8958,40,0,1,0,0,1,0,1,0,0,0,0,0,0,0,0,0,1,0,0,0
2,0,13.5,1,0,13.5,28,0,1,0,0,1,0,1,0,0,0,0,0,0,0,0,0,1,0,0,0
3,0,8.05,1,0,8.05,29,0,1,0,0,1,0,1,0,0,0,0,0,0,0,0,0,1,0,0,0
3,0,8.05,1,0,8.05,29,1,0,0,0,1,0,1,0,0,0,0,0,0,0,0,1,0,0,0,0
3,0,24.15,3,0,8.05,24,0,1,0,0,1,0,1,0,0,0,0,0,0,0,0,0,1,0,2,0
3,0,7.8958,1,0,7.8958,19,0,1,0,0,1,0,1,0,0,0,0,0,0,0,0,0,1,0,0,0
3,4,21.075,5,0,4.215,29,1,0,0,0,1,0,1,0,0,0,0,0,0,0,0,0,0,1,0,0
3,0,7.2292,1,0,7.2292,29,0,1,1,0,0,0,1,0,0,0,0,0,0,0,0,0,1,0,0,0
3,0,7.8542,1,0,7.8542,32,0,1,0,0,1,0,1,0,0,0,0,0,0,0,0,0,1,0,0,1
2,0,10.5,1,0,10.5,62,0,1,0,0,1,0,1,0,0,0,0,0,0,0,0,0,1,0,0,1
1,0,51.4792,3,1,17.1597333333333,53,1,0,0,0,1,0,0,0,0,1,0,0,0,0,0,0,0,1,2,1
1,0,26.3875,1,1,26.3875,36,0,1,0,0,1,0,0,0,0,0,0,1,0,0,0,0,1,0,0,1
3,0,7.75,1,0,7.75,29,1,0,0,1,0,0,1,0,0,0,0,0,0,0,0,1,0,0,0,1
3,0,8.05,1,0,8.05,16,0,1,0,0,1,0,1,0,0,0,0,0,0,0,0,0,1,0,0,0
3,0,14.5,1,0,14.5,19,0,1,0,0,1,0,1,0,0,0,0,0,0,0,0,0,1,0,0,0
2,0,13,1,0,13,34,1,0,0,0,1,0,1,0,0,0,0,0,0,0,0,1,0,0,0,1
1,0,55.9,2,1,27.95,39,1,0,0,0,1,0,0,0,0,0,0,1,0,0,0,0,0,1,1,1
3,0,14.4583,2,0,7.22915,29,1,0,1,0,0,0,1,0,0,0,0,0,0,0,0,0,0,1,1,0
3,0,7.925,1,0,7.925,32,0,1,0,0,1,0,1,0,0,0,0,0,0,0,0,0,1,0,0,1
2,1,30,3,0,10,25,1,0,0,0,1,0,1,0,0,0,0,0,0,0,0,1,0,0,1,1
1,1,110.8833,3,1,36.9611,39,1,0,1,0,0,0,0,0,0,1,0,0,0,0,0,0,0,1,1,1
2,0,26,1,0,26,54,0,1,0,0,1,0,1,0,0,0,0,0,0,0,0,0,1,0,0,0
1,0,40.125,1,1,40.125,36,0,1,1,0,0,0,0,1,0,0,0,0,0,0,0,0,1,0,0,0
3,0,8.7125,1,0,8.7125,29,0,1,1,0,0,0,1,0,0,0,0,0,0,0,0,0,1,0,0,0
1,2,79.65,3,1,26.55,18,1,0,0,0,1,0,0,0,0,0,0,1,0,0,0,1,0,0,0,1
2,0,15,1,0,15,47,0,1,0,0,1,0,1,0,0,0,0,0,0,0,0,0,1,0,0,0
1,1,79.2,3,1,26.4,60,0,1,1,0,0,0,0,0,1,0,0,0,0,0,0,0,1,0,1,1
3,0,8.05,1,0,8.05,22,0,1,0,0,1,0,1,0,0,0,0,0,0,0,0,0,1,0,0,0
3,0,8.05,1,0,8.05,29,0,1,0,0,1,0,1,0,0,0,0,0,0,0,0,0,1,0,0,0
3,0,7.125,1,0,7.125,35,0,1,0,0,1,0,1,0,0,0,0,0,0,0,0,0,1,0,0,0
1,0,78.2667,2,1,39.13335,52,1,0,1,0,0,0,0,0,0,0,1,0,0,0,0,0,0,1,1,1
3,0,7.25,1,0,7.25,47,0,1,0,0,1,0,1,0,0,0,0,0,0,0,0,0,1,0,0,0
3,2,7.75,3,0,2.58333333333333,29,1,0,0,1,0,0,1,0,0,0,0,0,0,0,0,1,0,0,0,0
2,0,26,2,0,13,37,0,1,0,0,1,0,1,0,0,0,0,0,0,0,0,0,1,0,1,0
3,1,24.15,3,0,8.05,36,0,1,0,0,1,0,1,0,0,0,0,0,0,0,0,0,1,0,1,0
2,0,33,1,0,33,29,1,0,0,0,1,0,1,0,0,0,0,0,0,0,0,1,0,0,0,1
3,0,0,1,0,0,49,0,1,0,0,1,0,1,0,0,0,0,0,0,0,0,0,1,0,0,0
3,0,7.225,1,0,7.225,29,0,1,1,0,0,0,1,0,0,0,0,0,0,0,0,0,1,0,0,0
1,0,56.9292,2,1,28.4646,49,0,1,1,0,0,0,0,1,0,0,0,0,0,0,0,0,1,0,1,1
2,1,27,4,0,6.75,24,1,0,0,0,1,0,1,0,0,0,0,0,0,0,0,0,0,1,2,1
3,0,7.8958,1,0,7.8958,29,0,1,0,0,1,0,1,0,0,0,0,0,0,0,0,0,1,0,0,0
1,0,42.4,1,0,42.4,29,0,1,0,0,1,0,1,0,0,0,0,0,0,0,0,0,1,0,0,0
3,0,8.05,1,0,8.05,44,0,1,0,0,1,0,1,0,0,0,0,0,0,0,0,0,1,0,0,0
1,0,26.55,1,0,26.55,35,0,1,1,0,0,0,1,0,0,0,0,0,0,0,0,0,1,0,0,1
3,0,15.55,2,0,7.775,36,0,1,0,0,1,0,1,0,0,0,0,0,0,0,0,0,1,0,1,0
3,0,7.8958,1,0,7.8958,30,0,1,0,0,1,0,1,0,0,0,0,0,0,0,0,0,1,0,0,0
1,0,30.5,1,0,30.5,27,0,1,0,0,1,0,1,0,0,0,0,0,0,0,0,0,1,0,0,1
2,2,41.5792,4,0,10.3948,22,1,0,1,0,0,0,1,0,0,0,0,0,0,0,0,0,0,1,1,1
1,0,153.4625,1,1,153.4625,40,1,0,0,0,1,0,0,0,0,1,0,0,0,0,0,1,0,0,0,1
3,5,31.275,7,0,4.46785714285714,39,1,0,0,0,1,0,1,0,0,0,0,0,0,0,0,0,0,1,1,0
3,0,7.05,1,0,7.05,29,0,1,0,0,1,0,1,0,0,0,0,0,0,0,0,0,1,0,0,0
3,0,15.5,2,0,7.75,29,1,0,0,1,0,0,1,0,0,0,0,0,0,0,0,1,0,0,1,1
3,0,7.75,1,0,7.75,29,0,1,0,1,0,0,1,0,0,0,0,0,0,0,0,0,1,0,0,0
3,0,8.05,1,0,8.05,35,0,1,0,0,1,0,1,0,0,0,0,0,0,0,0,0,1,0,0,0
2,2,65,4,0,16.25,24,1,0,0,0,1,0,1,0,0,0,0,0,0,0,0,1,0,0,1,1
3,1,14.4,3,0,4.8,34,0,1,0,0,1,0,1,0,0,0,0,0,0,0,0,0,1,0,1,0
3,0,16.1,2,0,8.05,26,1,0,0,0,1,0,1,0,0,0,0,0,0,0,0,0,0,1,1,0
2,1,39,4,1,9.75,4,1,0,0,0,1,0,0,0,0,0,0,0,1,0,0,1,0,0,2,1
2,0,10.5,1,0,10.5,26,0,1,0,0,1,0,1,0,0,0,0,0,0,0,0,0,1,0,0,0
3,0,14.4542,2,0,7.2271,27,0,1,1,0,0,0,1,0,0,0,0,0,0,0,0,0,1,0,1,0
1,0,52.5542,2,1,26.2771,42,0,1,0,0,1,0,0,0,0,0,1,0,0,0,0,0,1,0,1,1
3,1,15.7417,3,0,5.24723333333333,20,0,1,1,0,0,0,1,0,0,0,0,0,0,0,0,0,1,0,1,1
3,0,7.8542,1,0,7.8542,21,0,1,0,0,1,0,1,0,0,0,0,0,0,0,0,0,1,0,0,0
3,0,16.1,1,0,16.1,21,0,1,0,0,1,0,1,0,0,0,0,0,0,0,0,0,1,0,0,0
1,0,32.3208,1,1,32.3208,61,0,1,0,0,1,0,0,0,0,0,1,0,0,0,0,0,1,0,0,0
2,0,12.35,1,0,12.35,57,0,1,0,1,0,0,1,0,0,0,0,0,0,0,0,0,1,0,0,0
1,0,77.9583,1,1,77.9583,21,1,0,0,0,1,0,0,0,0,0,1,0,0,0,0,1,0,0,0,1
3,0,7.8958,1,0,7.8958,26,0,1,0,0,1,0,1,0,0,0,0,0,0,0,0,0,1,0,0,0
3,0,7.7333,1,0,7.7333,29,0,1,0,1,0,0,1,0,0,0,0,0,0,0,0,0,1,0,0,0
1,0,30,1,1,30,80,0,1,0,0,1,0,0,1,0,0,0,0,0,0,0,0,1,0,0,1
3,0,7.0542,1,0,7.0542,51,0,1,0,0,1,0,1,0,0,0,0,0,0,0,0,0,1,0,0,0
1,0,30.5,1,1,30.5,32,0,1,1,0,0,0,0,0,1,0,0,0,0,0,0,0,1,0,0,1
1,0,0,1,0,0,29,0,1,0,0,1,0,1,0,0,0,0,0,0,0,0,0,1,0,0,0
3,2,27.9,6,0,4.65,9,1,0,0,0,1,0,1,0,0,0,0,0,0,0,0,1,0,0,3,0
2,0,13,1,0,13,28,1,0,0,0,1,0,1,0,0,0,0,0,0,0,0,1,0,0,0,1
3,0,7.925,1,0,7.925,32,0,1,0,0,1,0,1,0,0,0,0,0,0,0,0,0,1,0,0,0
2,1,26.25,3,0,8.75,31,0,1,0,0,1,0,1,0,0,0,0,0,0,0,0,0,1,0,1,0
3,5,39.6875,6,0,6.61458333333333,41,1,0,0,0,1,0,1,0,0,0,0,0,0,0,0,0,0,1,0,0
3,0,16.1,2,0,8.05,29,0,1,0,0,1,0,1,0,0,0,0,0,0,0,0,0,1,0,1,0
3,0,7.8542,1,0,7.8542,20,0,1,0,0,1,0,1,0,0,0,0,0,0,0,0,0,1,0,0,0
1,0,69.3,1,1,69.3,24,1,0,1,0,0,0,0,0,1,0,0,0,0,0,0,1,0,0,0,1
3,2,27.9,6,0,4.65,2,1,0,0,0,1,0,1,0,0,0,0,0,0,0,0,1,0,0,3,0
3,0,56.4958,1,0,56.4958,29,0,1,0,0,1,0,1,0,0,0,0,0,0,0,0,0,1,0,0,1
3,1,19.2583,4,0,4.814575,0.75,1,0,1,0,0,0,1,0,0,0,0,0,0,0,0,1,0,0,2,1
1,0,76.7292,2,1,38.3646,48,0,1,1,0,0,0,0,0,0,0,1,0,0,0,0,0,1,0,1,1
3,0,7.8958,1,0,7.8958,19,0,1,0,0,1,0,1,0,0,0,0,0,0,0,0,0,1,0,0,0
1,0,35.5,1,1,35.5,56,0,1,1,0,0,0,0,1,0,0,0,0,0,0,0,0,1,0,0,1
3,0,7.55,1,0,7.55,29,0,1,0,0,1,0,1,0,0,0,0,0,0,0,0,0,1,0,0,0
3,0,7.55,1,0,7.55,23,1,0,0,0,1,0,1,0,0,0,0,0,0,0,0,1,0,0,0,1
3,0,7.8958,1,0,7.8958,29,0,1,0,0,1,0,1,0,0,0,0,0,0,0,0,0,1,0,0,0
2,1,23,2,0,11.5,18,1,0,0,0,1,0,1,0,0,0,0,0,0,0,0,1,0,0,0,1
3,0,8.4333,1,0,8.4333,21,0,1,0,0,1,0,1,0,0,0,0,0,0,0,0,0,1,0,0,0
3,0,7.8292,1,0,7.8292,29,1,0,0,1,0,0,1,0,0,0,0,0,0,0,0,1,0,0,0,1
3,0,6.75,1,0,6.75,18,1,0,0,1,0,0,1,0,0,0,0,0,0,0,0,1,0,0,0,0
2,0,73.5,3,0,24.5,24,0,1,0,0,1,0,1,0,0,0,0,0,0,0,0,0,1,0,2,0
3,0,7.8958,1,0,7.8958,29,0,1,0,0,1,0,1,0,0,0,0,0,0,0,0,0,1,0,0,0
3,1,15.5,3,0,5.16666666666667,32,1,0,0,1,0,0,1,0,0,0,0,0,0,0,0,0,0,1,1,0
2,0,13,1,0,13,23,0,1,0,0,1,0,1,0,0,0,0,0,0,0,0,0,1,0,0,0
1,2,113.275,3,1,37.7583333333333,58,0,1,1,0,0,0,0,0,0,0,1,0,0,0,0,0,1,0,0,0
1,0,133.65,3,0,44.55,50,0,1,0,0,1,0,1,0,0,0,0,0,0,0,0,0,1,0,2,1
3,0,7.225,1,0,7.225,40,0,1,1,0,0,0,1,0,0,0,0,0,0,0,0,0,1,0,0,0
1,0,25.5875,1,1,25.5875,47,0,1,0,0,1,0,0,0,0,0,0,1,0,0,0,0,1,0,0,0
3,0,7.4958,1,0,7.4958,36,0,1,0,0,1,0,1,0,0,0,0,0,0,0,0,0,1,0,0,0
3,0,7.925,2,0,3.9625,20,0,1,0,0,1,0,1,0,0,0,0,0,0,0,0,0,1,0,1,1
2,0,73.5,3,0,24.5,32,0,1,0,0,1,0,1,0,0,0,0,0,0,0,0,0,1,0,2,0
2,0,13,1,0,13,25,0,1,0,0,1,0,1,0,0,0,0,0,0,0,0,0,1,0,0,0
3,0,7.775,1,0,7.775,29,0,1,0,0,1,0,1,0,0,0,0,0,0,0,0,0,1,0,0,0
3,0,8.05,1,0,8.05,43,0,1,0,0,1,0,1,0,0,0,0,0,0,0,0,0,1,0,0,0
1,0,52,2,1,26,29,1,0,0,0,1,0,0,0,0,1,0,0,0,0,0,0,0,1,1,1
2,1,39,3,0,13,40,1,0,0,0,1,0,1,0,0,0,0,0,0,0,0,0,0,1,1,1
1,0,52,2,1,26,31,0,1,0,0,1,0,0,0,1,0,0,0,0,0,0,0,1,0,1,0
2,0,10.5,1,0,10.5,70,0,1,0,0,1,0,1,0,0,0,0,0,0,0,0,0,1,0,0,0
2,0,13,1,0,13,31,0,1,0,0,1,0,1,0,0,0,0,0,0,0,0,0,1,0,0,1
2,0,0,1,0,0,29,0,1,0,0,1,0,1,0,0,0,0,0,0,0,0,0,1,0,0,0
3,0,7.775,1,0,7.775,18,0,1,0,0,1,0,1,0,0,0,0,0,0,0,0,0,1,0,0,0
3,0,8.05,1,0,8.05,24.5,0,1,0,0,1,0,1,0,0,0,0,0,0,0,0,0,1,0,0,0
3,0,9.8417,1,0,9.8417,18,1,0,0,0,1,0,1,0,0,0,0,0,0,0,0,1,0,0,0,1
3,6,46.9,8,0,5.8625,43,1,0,0,0,1,0,1,0,0,0,0,0,0,0,0,0,0,1,1,0
1,1,512.3292,2,1,256.1646,36,0,1,1,0,0,0,0,0,1,0,0,0,0,0,0,0,1,0,0,1
3,0,8.1375,1,0,8.1375,29,1,0,0,1,0,0,1,0,0,0,0,0,0,0,0,1,0,0,0,0
1,0,76.7292,1,1,76.7292,27,0,1,1,0,0,0,0,0,0,0,1,0,0,0,0,0,1,0,0,1
3,0,9.225,1,0,9.225,20,0,1,0,0,1,0,1,0,0,0,0,0,0,0,0,0,1,0,0,0
3,2,46.9,8,0,5.8625,14,0,1,0,0,1,0,1,0,0,0,0,0,0,0,0,0,1,0,5,0
2,1,39,3,0,13,60,0,1,0,0,1,0,1,0,0,0,0,0,0,0,0,0,1,0,1,0
2,2,41.5792,4,0,10.3948,25,0,1,1,0,0,0,1,0,0,0,0,0,0,0,0,0,1,0,1,0
3,1,39.6875,6,0,6.61458333333333,14,0,1,0,0,1,0,1,0,0,0,0,0,0,0,0,0,1,0,4,0
3,0,10.1708,1,0,10.1708,19,0,1,0,0,1,0,1,0,0,0,0,0,0,0,0,0,1,0,0,0
3,0,7.7958,1,0,7.7958,18,0,1,0,0,1,0,1,0,0,0,0,0,0,0,0,0,1,0,0,0
1,1,211.3375,2,1,105.66875,15,1,0,0,0,1,0,0,0,1,0,0,0,0,0,0,1,0,0,0,1
1,0,57,2,1,28.5,31,0,1,0,0,1,0,0,0,1,0,0,0,0,0,0,0,1,0,1,1
3,1,13.4167,2,0,6.70835,4,1,0,1,0,0,0,1,0,0,0,0,0,0,0,0,1,0,0,0,1
3,0,56.4958,1,0,56.4958,29,0,1,0,0,1,0,1,0,0,0,0,0,0,0,0,0,1,0,0,1
3,0,7.225,1,0,7.225,25,0,1,1,0,0,0,1,0,0,0,0,0,0,0,0,0,1,0,0,0
1,0,26.55,1,0,26.55,60,0,1,0,0,1,0,1,0,0,0,0,0,0,0,0,0,1,0,0,0
2,0,13.5,1,0,13.5,52,0,1,0,0,1,0,1,0,0,0,0,0,0,0,0,0,1,0,0,0
3,0,8.05,1,0,8.05,44,0,1,0,0,1,0,1,0,0,0,0,0,0,0,0,0,1,0,0,0
3,0,7.7333,1,0,7.7333,29,1,0,0,1,0,0,1,0,0,0,0,0,0,0,0,1,0,0,0,1
1,1,110.8833,3,1,36.9611,49,0,1,1,0,0,0,0,0,0,1,0,0,0,0,0,0,1,0,1,0
3,0,7.65,1,1,7.65,42,0,1,0,0,1,0,0,0,0,0,0,0,1,0,0,0,1,0,0,0
1,0,227.525,2,1,113.7625,18,1,0,1,0,0,0,0,0,0,1,0,0,0,0,0,0,0,1,1,1
1,0,26.2875,1,1,26.2875,35,0,1,0,0,1,0,0,0,0,0,0,1,0,0,0,0,1,0,0,1
3,1,14.4542,2,0,7.2271,18,1,0,1,0,0,0,1,0,0,0,0,0,0,0,0,1,0,0,0,0
3,0,7.7417,1,0,7.7417,25,0,1,0,1,0,0,1,0,0,0,0,0,0,0,0,0,1,0,0,0
3,0,7.8542,2,0,3.9271,26,0,1,0,0,1,0,1,0,0,0,0,0,0,0,0,0,1,0,1,0
2,0,26,1,0,26,39,0,1,0,0,1,0,1,0,0,0,0,0,0,0,0,0,1,0,0,0
2,0,13.5,1,0,13.5,45,1,0,0,0,1,0,1,0,0,0,0,0,0,0,0,0,0,1,0,1
1,0,26.2875,1,1,26.2875,42,0,1,0,0,1,0,0,0,0,0,0,1,0,0,0,0,1,0,0,1
1,0,151.55,1,0,151.55,22,1,0,0,0,1,0,1,0,0,0,0,0,0,0,0,1,0,0,0,1
3,1,15.2458,3,0,5.08193333333333,29,0,1,1,0,0,0,1,0,0,0,0,0,0,0,0,0,1,0,1,1
1,0,49.5042,1,1,49.5042,24,1,0,1,0,0,0,0,0,0,1,0,0,0,0,0,1,0,0,0,1
1,0,26.55,1,1,26.55,29,0,1,0,0,1,0,0,0,0,1,0,0,0,0,0,0,1,0,0,0
1,0,52,2,1,26,48,0,1,0,0,1,0,0,0,0,1,0,0,0,0,0,0,1,0,1,1
3,0,9.4833,1,0,9.4833,29,0,1,0,0,1,0,1,0,0,0,0,0,0,0,0,0,1,0,0,0
2,0,13,1,0,13,52,0,1,0,0,1,0,1,0,0,0,0,0,0,0,0,0,1,0,0,0
3,0,7.65,1,1,7.65,19,0,1,0,0,1,0,0,0,0,0,0,0,1,0,0,0,1,0,0,0
1,0,227.525,1,1,227.525,38,1,0,1,0,0,0,0,0,0,1,0,0,0,0,0,1,0,0,0,1
2,0,10.5,1,1,10.5,27,1,0,0,0,1,0,0,0,0,0,0,1,0,0,0,1,0,0,0,1
3,0,15.5,1,0,15.5,29,0,1,0,1,0,0,1,0,0,0,0,0,0,0,0,0,1,0,0,0
3,0,7.775,1,0,7.775,33,0,1,0,0,1,0,1,0,0,0,0,0,0,0,0,0,1,0,0,0
2,1,33,2,0,16.5,6,1,0,0,0,1,0,1,0,0,0,0,0,0,0,0,1,0,0,0,1
3,0,7.0542,2,0,3.5271,17,0,1,0,0,1,0,1,0,0,0,0,0,0,0,0,0,1,0,1,0
2,0,13,1,0,13,34,0,1,0,0,1,0,1,0,0,0,0,0,0,0,0,0,1,0,0,0
2,0,13,1,0,13,50,0,1,0,0,1,0,1,0,0,0,0,0,0,0,0,0,1,0,0,0
1,0,53.1,2,1,26.55,27,0,1,0,0,1,0,0,0,0,0,0,1,0,0,0,0,1,0,1,1
3,0,8.6625,1,0,8.6625,20,0,1,0,0,1,0,1,0,0,0,0,0,0,0,0,0,1,0,0,0
2,0,21,4,0,5.25,30,1,0,0,0,1,0,1,0,0,0,0,0,0,0,0,0,0,1,3,1
3,0,7.7375,1,0,7.7375,29,1,0,0,1,0,0,1,0,0,0,0,0,0,0,0,1,0,0,0,1
2,0,26,2,0,13,25,0,1,0,0,1,0,1,0,0,0,0,0,0,0,0,0,1,0,1,0
3,0,7.925,2,0,3.9625,25,1,0,0,0,1,0,1,0,0,0,0,0,0,0,0,1,0,0,1,0
1,0,211.3375,1,1,211.3375,29,1,0,0,0,1,0,0,0,1,0,0,0,0,0,0,1,0,0,0,1
3,0,18.7875,1,0,18.7875,11,0,1,1,0,0,0,1,0,0,0,0,0,0,0,0,0,1,0,0,0
2,0,0,1,0,0,29,0,1,0,0,1,0,1,0,0,0,0,0,0,0,0,0,1,0,0,0
2,0,13,1,0,13,23,0,1,0,0,1,0,1,0,0,0,0,0,0,0,0,0,1,0,0,0
2,0,13,1,0,13,23,0,1,0,0,1,0,1,0,0,0,0,0,0,0,0,0,1,0,0,0
3,0,16.1,1,0,16.1,28.5,0,1,0,0,1,0,1,0,0,0,0,0,0,0,0,0,1,0,0,0
3,3,34.375,5,0,6.875,48,1,0,0,0,1,0,1,0,0,0,0,0,0,0,0,0,0,1,1,0
1,0,512.3292,1,1,512.3292,35,0,1,1,0,0,0,0,0,1,0,0,0,0,0,0,0,1,0,0,1
3,0,7.8958,1,0,7.8958,29,0,1,0,0,1,0,1,0,0,0,0,0,0,0,0,0,1,0,0,0
3,0,7.8958,1,0,7.8958,29,0,1,0,0,1,0,1,0,0,0,0,0,0,0,0,0,1,0,0,0
1,0,30,1,1,30,29,0,1,0,0,1,0,0,0,0,0,1,0,0,0,0,0,1,0,0,1
1,0,78.85,2,1,39.425,36,0,1,0,0,1,0,0,0,0,1,0,0,0,0,0,0,1,0,1,0
1,2,262.375,5,1,52.475,21,1,0,1,0,0,0,0,0,1,0,0,0,0,0,0,1,0,0,2,1
3,0,16.1,2,0,8.05,24,0,1,0,0,1,0,1,0,0,0,0,0,0,0,0,0,1,0,1,0
3,0,7.925,1,0,7.925,31,0,1,0,0,1,0,1,0,0,0,0,0,0,0,0,0,1,0,0,1
1,1,71,3,1,23.6666666666667,70,0,1,0,0,1,0,0,0,1,0,0,0,0,0,0,0,1,0,1,0
3,1,20.25,3,0,6.75,16,0,1,0,0,1,0,1,0,0,0,0,0,0,0,0,0,1,0,1,0
2,0,13,1,0,13,30,1,0,0,0,1,0,1,0,0,0,0,0,0,0,0,1,0,0,0,1
1,0,53.1,2,1,26.55,19,0,1,0,0,1,0,0,0,0,0,1,0,0,0,0,0,1,0,1,0
3,0,7.75,1,0,7.75,31,0,1,0,1,0,0,1,0,0,0,0,0,0,0,0,0,1,0,0,0
2,1,23,3,0,7.66666666666667,4,1,0,0,0,1,0,1,0,0,0,0,0,0,0,0,1,0,0,1,1
3,1,12.475,2,1,6.2375,6,0,1,0,0,1,0,0,0,0,0,0,1,0,0,0,0,1,0,0,1
3,0,9.5,1,0,9.5,33,0,1,0,0,1,0,1,0,0,0,0,0,0,0,0,0,1,0,0,0
3,0,7.8958,1,0,7.8958,23,0,1,0,0,1,0,1,0,0,0,0,0,0,0,0,0,1,0,0,0
2,2,65,4,0,16.25,48,1,0,0,0,1,0,1,0,0,0,0,0,0,0,0,0,0,1,1,1
2,1,14.5,3,0,4.83333333333333,0.67,0,1,0,0,1,0,1,0,0,0,0,0,0,0,0,0,1,0,1,1
3,0,7.7958,1,0,7.7958,28,0,1,0,0,1,0,1,0,0,0,0,0,0,0,0,0,1,0,0,0
2,0,11.5,1,0,11.5,18,0,1,0,0,1,0,1,0,0,0,0,0,0,0,0,0,1,0,0,0
3,0,8.05,1,0,8.05,34,0,1,0,0,1,0,1,0,0,0,0,0,0,0,0,0,1,0,0,0
1,0,86.5,1,1,86.5,33,1,0,0,0,1,0,0,0,1,0,0,0,0,0,0,0,0,1,0,1
3,0,14.5,1,0,14.5,29,0,1,0,0,1,0,1,0,0,0,0,0,0,0,0,0,1,0,0,0
3,0,7.125,1,0,7.125,41,0,1,0,0,1,0,1,0,0,0,0,0,0,0,0,0,1,0,0,0
3,0,7.2292,1,0,7.2292,20,0,1,1,0,0,0,1,0,0,0,0,0,0,0,0,0,1,0,0,1
1,2,120,4,1,30,36,1,0,0,0,1,0,0,0,1,0,0,0,0,0,0,0,0,1,1,1
3,0,7.775,1,0,7.775,16,0,1,0,0,1,0,1,0,0,0,0,0,0,0,0,0,1,0,0,0
1,0,77.9583,2,1,38.97915,51,1,0,0,0,1,0,0,0,0,0,1,0,0,0,0,0,0,1,1,1
1,0,39.6,1,0,39.6,29,0,1,1,0,0,0,1,0,0,0,0,0,0,0,0,0,1,0,0,0
3,0,7.75,1,0,7.75,30.5,1,0,0,1,0,0,1,0,0,0,0,0,0,0,0,1,0,0,0,0
3,0,24.15,2,0,12.075,29,0,1,0,1,0,0,1,0,0,0,0,0,0,0,0,0,1,0,1,0
3,0,8.3625,1,0,8.3625,32,0,1,0,0,1,0,1,0,0,0,0,0,0,0,0,0,1,0,0,0
3,0,9.5,1,0,9.5,24,0,1,0,0,1,0,1,0,0,0,0,0,0,0,0,0,1,0,0,0
3,0,7.8542,1,0,7.8542,48,0,1,0,0,1,0,1,0,0,0,0,0,0,0,0,0,1,0,0,0
2,0,10.5,1,1,10.5,57,1,0,0,0,1,0,0,0,0,0,0,1,0,0,0,0,0,1,0,0
3,0,7.225,1,0,7.225,29,0,1,1,0,0,0,1,0,0,0,0,0,0,0,0,0,1,0,0,0
2,3,23,5,0,4.6,54,1,0,0,0,1,0,1,0,0,0,0,0,0,0,0,0,0,1,1,1
3,0,7.75,1,0,7.75,18,0,1,0,0,1,0,1,0,0,0,0,0,0,0,0,0,1,0,0,0
3,0,7.75,1,1,7.75,29,0,1,0,1,0,0,0,0,0,0,0,0,1,0,0,0,1,0,0,0
3,0,12.475,1,0,12.475,5,1,0,0,0,1,0,1,0,0,0,0,0,0,0,0,1,0,0,0,1
3,0,7.7375,1,0,7.7375,29,0,1,0,1,0,0,1,0,0,0,0,0,0,0,0,0,1,0,0,0
1,1,211.3375,2,1,105.66875,43,1,0,0,0,1,0,0,0,1,0,0,0,0,0,0,0,0,1,0,1
3,0,7.2292,1,0,7.2292,13,1,0,1,0,0,0,1,0,0,0,0,0,0,0,0,1,0,0,0,1
1,0,57,2,1,28.5,17,1,0,0,0,1,0,0,0,1,0,0,0,0,0,0,0,0,1,1,1
1,0,30,1,1,30,29,0,1,0,0,1,0,0,0,0,0,1,0,0,0,0,0,1,0,0,0
3,2,23.45,4,0,5.8625,29,0,1,0,0,1,0,1,0,0,0,0,0,0,0,0,0,1,0,1,0
3,0,7.05,1,0,7.05,25,0,1,0,0,1,0,1,0,0,0,0,0,0,0,0,0,1,0,0,0
3,0,7.25,1,0,7.25,25,0,1,0,0,1,0,1,0,0,0,0,0,0,0,0,0,1,0,0,0
3,0,7.4958,1,0,7.4958,18,1,0,0,0,1,0,1,0,0,0,0,0,0,0,0,1,0,0,0,1
3,1,29.125,6,0,4.85416666666667,8,0,1,0,1,0,0,1,0,0,0,0,0,0,0,0,0,1,0,4,0
3,2,20.575,4,0,5.14375,1,0,1,0,0,1,0,1,0,0,0,0,0,0,0,0,0,1,0,1,1
1,0,79.2,1,1,79.2,46,0,1,1,0,0,0,0,0,1,0,0,0,0,0,0,0,1,0,0,0
3,0,7.75,1,0,7.75,29,0,1,0,1,0,0,1,0,0,0,0,0,0,0,0,0,1,0,0,0
2,0,26,1,0,26,16,0,1,0,0,1,0,1,0,0,0,0,0,0,0,0,0,1,0,0,0
3,2,69.55,11,0,6.32272727272727,29,1,0,0,0,1,0,1,0,0,0,0,0,0,0,0,1,0,0,8,0
1,0,30.6958,1,0,30.6958,29,0,1,1,0,0,0,1,0,0,0,0,0,0,0,0,0,1,0,0,0
3,0,7.8958,1,0,7.8958,25,0,1,0,0,1,0,1,0,0,0,0,0,0,0,0,0,1,0,0,0
2,0,13,1,0,13,39,0,1,0,0,1,0,1,0,0,0,0,0,0,0,0,0,1,0,0,0
1,0,25.9292,1,1,25.9292,49,1,0,0,0,1,0,0,0,0,0,1,0,0,0,0,0,1,0,0,1
3,0,8.6833,1,0,8.6833,31,1,0,0,0,1,0,1,0,0,0,0,0,0,0,0,0,0,1,0,1
3,0,7.2292,1,0,7.2292,30,0,1,1,0,0,0,1,0,0,0,0,0,0,0,0,0,1,0,0,0
3,1,24.15,3,0,8.05,30,1,0,0,0,1,0,1,0,0,0,0,0,0,0,0,0,0,1,1,0
2,0,13,1,0,13,34,0,1,0,0,1,0,1,0,0,0,0,0,0,0,0,0,1,0,0,0
2,1,26.25,3,0,8.75,31,1,0,0,0,1,0,1,0,0,0,0,0,0,0,0,0,0,1,1,1
1,2,120,4,1,30,11,0,1,0,0,1,0,0,0,1,0,0,0,0,0,0,0,1,0,1,1
3,1,8.5167,2,0,4.25835,0.42,0,1,1,0,0,0,1,0,0,0,0,0,0,0,0,0,1,0,0,1
3,0,6.975,1,0,6.975,27,0,1,0,0,1,0,1,0,0,0,0,0,0,0,0,0,1,0,0,1
3,0,7.775,1,0,7.775,31,0,1,0,0,1,0,1,0,0,0,0,0,0,0,0,0,1,0,0,0
1,0,0,1,1,0,39,0,1,0,0,1,0,0,1,0,0,0,0,0,0,0,0,1,0,0,0
3,0,7.775,1,0,7.775,18,1,0,0,0,1,0,1,0,0,0,0,0,0,0,0,1,0,0,0,0
2,0,13,1,0,13,39,0,1,0,0,1,0,1,0,0,0,0,0,0,0,0,0,1,0,0,0
1,0,53.1,2,1,26.55,33,1,0,0,0,1,0,0,0,0,0,0,1,0,0,0,0,0,1,1,1
3,0,7.8875,1,0,7.8875,26,0,1,0,0,1,0,1,0,0,0,0,0,0,0,0,0,1,0,0,0
3,0,24.15,1,0,24.15,39,0,1,0,0,1,0,1,0,0,0,0,0,0,0,0,0,1,0,0,0
2,0,10.5,1,0,10.5,35,0,1,0,0,1,0,1,0,0,0,0,0,0,0,0,0,1,0,0,0
3,2,31.275,7,0,4.46785714285714,6,1,0,0,0,1,0,1,0,0,0,0,0,0,0,0,1,0,0,4,0
3,0,8.05,1,0,8.05,30.5,0,1,0,0,1,0,1,0,0,0,0,0,0,0,0,0,1,0,0,0
1,0,0,1,1,0,29,0,1,0,0,1,0,0,0,1,0,0,0,0,0,0,0,1,0,0,0
3,0,7.925,1,0,7.925,23,1,0,0,0,1,0,1,0,0,0,0,0,0,0,0,1,0,0,0,0
2,1,37.0042,3,0,12.3347333333333,31,0,1,1,0,0,0,1,0,0,0,0,0,0,0,0,0,1,0,1,0
3,0,6.45,1,0,6.45,43,0,1,0,0,1,0,1,0,0,0,0,0,0,0,0,0,1,0,0,0
3,2,27.9,6,0,4.65,10,0,1,0,0,1,0,1,0,0,0,0,0,0,0,0,0,1,0,3,0
1,1,93.5,3,1,31.1666666666667,52,1,0,0,0,1,0,0,0,1,0,0,0,0,0,0,0,0,1,1,1
3,0,8.6625,1,0,8.6625,27,0,1,0,0,1,0,1,0,0,0,0,0,0,0,0,0,1,0,0,1
1,0,0,1,0,0,38,0,1,0,0,1,0,1,0,0,0,0,0,0,0,0,0,1,0,0,0
3,1,12.475,2,1,6.2375,27,1,0,0,0,1,0,0,0,0,0,0,1,0,0,0,0,0,1,0,1
3,1,39.6875,6,0,6.61458333333333,2,0,1,0,0,1,0,1,0,0,0,0,0,0,0,0,0,1,0,4,0
3,0,6.95,1,0,6.95,29,0,1,0,1,0,0,1,0,0,0,0,0,0,0,0,0,1,0,0,0
3,0,56.4958,1,0,56.4958,29,0,1,0,0,1,0,1,0,0,0,0,0,0,0,0,0,1,0,0,0
2,2,37.0042,3,0,12.3347333333333,1,0,1,1,0,0,0,1,0,0,0,0,0,0,0,0,0,1,0,0,1
3,0,7.75,1,0,7.75,29,0,1,0,1,0,0,1,0,0,0,0,0,0,0,0,0,1,0,0,1
1,0,80,1,1,80,62,1,0,0,0,0,1,0,0,1,0,0,0,0,0,0,0,0,1,0,1
3,0,14.4542,2,0,7.2271,15,1,0,1,0,0,0,1,0,0,0,0,0,0,0,0,0,0,1,1,1
2,1,18.75,3,0,6.25,0.83,0,1,0,0,1,0,1,0,0,0,0,0,0,0,0,0,1,0,1,1
3,0,7.2292,1,0,7.2292,29,0,1,1,0,0,0,1,0,0,0,0,0,0,0,0,0,1,0,0,0
3,0,7.8542,1,0,7.8542,23,0,1,0,0,1,0,1,0,0,0,0,0,0,0,0,0,1,0,0,0
3,0,8.3,1,0,8.3,18,0,1,0,0,1,0,1,0,0,0,0,0,0,0,0,0,1,0,0,0
1,1,83.1583,3,1,27.7194333333333,39,1,0,1,0,0,0,0,0,0,0,0,1,0,0,0,1,0,0,1,1
3,0,8.6625,1,0,8.6625,21,0,1,0,0,1,0,1,0,0,0,0,0,0,0,0,0,1,0,0,0
3,0,8.05,1,0,8.05,29,0,1,0,0,1,0,1,0,0,0,0,0,0,0,0,0,1,0,0,0
3,0,56.4958,1,0,56.4958,32,0,1,0,0,1,0,1,0,0,0,0,0,0,0,0,0,1,0,0,1
1,0,29.7,1,1,29.7,29,0,1,1,0,0,0,0,0,0,1,0,0,0,0,0,0,1,0,0,1
3,0,7.925,1,0,7.925,20,0,1,0,0,1,0,1,0,0,0,0,0,0,0,0,0,1,0,0,0
2,0,10.5,1,0,10.5,16,0,1,0,0,1,0,1,0,0,0,0,0,0,0,0,0,1,0,0,0
1,0,31,1,0,31,30,1,0,1,0,0,0,1,0,0,0,0,0,0,0,0,1,0,0,0,1
3,0,6.4375,1,0,6.4375,34.5,0,1,1,0,0,0,1,0,0,0,0,0,0,0,0,0,1,0,0,0
3,0,8.6625,1,0,8.6625,17,0,1,0,0,1,0,1,0,0,0,0,0,0,0,0,0,1,0,0,0
3,0,7.55,1,0,7.55,42,0,1,0,0,1,0,1,0,0,0,0,0,0,0,0,0,1,0,0,0
3,2,69.55,11,0,6.32272727272727,29,0,1,0,0,1,0,1,0,0,0,0,0,0,0,0,0,1,0,8,0
3,0,7.8958,1,0,7.8958,35,0,1,1,0,0,0,1,0,0,0,0,0,0,0,0,0,1,0,0,0
2,1,33,2,0,16.5,28,0,1,0,0,1,0,1,0,0,0,0,0,0,0,0,0,1,0,0,0
1,0,89.1042,2,1,44.5521,29,1,0,1,0,0,0,0,0,0,1,0,0,0,0,0,0,0,1,1,1
3,2,31.275,7,0,4.46785714285714,4,0,1,0,0,1,0,1,0,0,0,0,0,0,0,0,0,1,0,4,0
3,0,7.775,1,0,7.775,74,0,1,0,0,1,0,1,0,0,0,0,0,0,0,0,0,1,0,0,0
3,1,15.2458,3,0,5.08193333333333,9,1,0,1,0,0,0,1,0,0,0,0,0,0,0,0,1,0,0,1,0
1,1,39.4,2,1,19.7,16,1,0,0,0,1,0,0,0,0,0,1,0,0,0,0,1,0,0,0,1
2,0,26,2,0,13,44,1,0,0,0,1,0,1,0,0,0,0,0,0,0,0,0,0,1,1,0
3,1,9.35,2,0,4.675,18,1,0,0,0,1,0,1,0,0,0,0,0,0,0,0,0,0,1,0,1
1,1,164.8667,3,0,54.9555666666667,45,1,0,0,0,1,0,1,0,0,0,0,0,0,0,0,0,0,1,1,1
1,0,26.55,1,1,26.55,51,0,1,0,0,1,0,0,0,0,0,0,1,0,0,0,0,1,0,0,1
3,3,19.2583,4,0,4.814575,24,1,0,1,0,0,0,1,0,0,0,0,0,0,0,0,0,0,1,0,1
3,0,7.2292,1,0,7.2292,29,0,1,1,0,0,0,1,0,0,0,0,0,0,0,0,0,1,0,0,0
3,0,14.1083,3,0,4.70276666666667,41,0,1,0,0,1,0,1,0,0,0,0,0,0,0,0,0,1,0,2,0
2,0,11.5,2,0,5.75,21,0,1,0,0,1,0,1,0,0,0,0,0,0,0,0,0,1,0,1,0
1,0,25.9292,1,1,25.9292,48,1,0,0,0,1,0,0,0,0,0,1,0,0,0,0,0,0,1,0,1
3,2,69.55,11,0,6.32272727272727,29,1,0,0,0,1,0,1,0,0,0,0,0,0,0,0,1,0,0,8,0
2,0,13,1,0,13,24,0,1,0,0,1,0,1,0,0,0,0,0,0,0,0,0,1,0,0,0
2,0,13,1,0,13,42,1,0,0,0,1,0,1,0,0,0,0,0,0,0,0,0,0,1,0,1
2,0,13.8583,2,0,6.92915,27,1,0,1,0,0,0,1,0,0,0,0,0,0,0,0,1,0,0,1,1
1,0,50.4958,1,1,50.4958,31,0,1,0,0,1,0,0,1,0,0,0,0,0,0,0,0,1,0,0,0
3,0,9.5,1,0,9.5,29,0,1,0,0,1,0,1,0,0,0,0,0,0,0,0,0,1,0,0,0
3,1,11.1333,3,0,3.7111,4,0,1,0,0,1,0,1,0,0,0,0,0,0,0,0,0,1,0,1,1
3,0,7.8958,1,0,7.8958,26,0,1,0,0,1,0,1,0,0,0,0,0,0,0,0,0,1,0,0,0
1,1,52.5542,3,1,17.5180666666667,47,1,0,0,0,1,0,0,0,0,0,1,0,0,0,0,0,0,1,1,1
1,0,5,1,1,5,33,0,1,0,0,1,0,0,0,1,0,0,0,0,0,0,0,1,0,0,0
3,0,9,1,0,9,47,0,1,0,0,1,0,1,0,0,0,0,0,0,0,0,0,1,0,0,0
2,0,24,2,0,12,28,1,0,1,0,0,0,1,0,0,0,0,0,0,0,0,0,0,1,1,1
3,0,7.225,1,0,7.225,15,1,0,1,0,0,0,1,0,0,0,0,0,0,0,0,1,0,0,0,1
3,0,9.8458,1,0,9.8458,20,0,1,0,0,1,0,1,0,0,0,0,0,0,0,0,0,1,0,0,0
3,0,7.8958,1,0,7.8958,19,0,1,0,0,1,0,1,0,0,0,0,0,0,0,0,0,1,0,0,0
3,0,7.8958,1,0,7.8958,29,0,1,0,0,1,0,1,0,0,0,0,0,0,0,0,0,1,0,0,0
1,1,83.1583,2,1,41.57915,56,1,0,1,0,0,0,0,0,0,1,0,0,0,0,0,0,0,1,0,1
2,1,26,2,0,13,25,1,0,0,0,1,0,1,0,0,0,0,0,0,0,0,0,0,1,0,1
3,0,7.8958,1,0,7.8958,33,0,1,0,0,1,0,1,0,0,0,0,0,0,0,0,0,1,0,0,0
3,0,10.5167,1,0,10.5167,22,1,0,0,0,1,0,1,0,0,0,0,0,0,0,0,1,0,0,0,0
2,0,10.5,1,0,10.5,28,0,1,0,0,1,0,1,0,0,0,0,0,0,0,0,0,1,0,0,0
3,0,7.05,1,0,7.05,25,0,1,0,0,1,0,1,0,0,0,0,0,0,0,0,0,1,0,0,0
3,5,29.125,6,0,4.85416666666667,39,1,0,0,1,0,0,1,0,0,0,0,0,0,0,0,0,0,1,0,0
2,0,13,1,0,13,27,0,1,0,0,1,0,1,0,0,0,0,0,0,0,0,0,1,0,0,0
1,0,30,1,1,30,19,1,0,0,0,1,0,0,0,1,0,0,0,0,0,0,1,0,0,0,1
3,2,23.45,4,0,5.8625,29,1,0,0,0,1,0,1,0,0,0,0,0,0,0,0,1,0,0,1,0
1,0,30,1,1,30,26,0,1,1,0,0,0,0,0,0,1,0,0,0,0,0,0,1,0,0,1
3,0,7.75,1,0,7.75,32,0,1,0,1,0,0,1,0,0,0,0,0,0,0,0,0,1,0,0,0
